ID,WijkenEnBuurten,AfstandTotZiekenhuis_11
1552,WK000300  ,3.9
1987,WK000500  ,10.4
2672,WK000900  ,10.8
2679,WK000901  ,13.2
3621,WK001000  ,1.7
3628,WK001001  ,7.6
3634,WK001002  ,11.5
3642,WK001003  ,8.1
5926,WK001400  ,1.1
5935,WK001401  ,1.9
5946,WK001402  ,2.2
5951,WK001403  ,1.8
5955,WK001404  ,0.9
5961,WK001405  ,2.1
5974,WK001406  ,2
5982,WK001407  ,1
5989,WK001408  ,5.4
6003,WK001409  ,4.7
6012,WK001410  ,3
6019,WK001411  ,4.5
6028,WK001412  ,3.8
6041,WK001413  ,6.3
6045,WK001414  ,6.8
6054,WK001500  ,19.7
6062,WK001501  ,22.4
6065,WK001502  ,13
6070,WK001503  ,17.9
6627,WK001700  ,2.7
6634,WK001701  ,6.1
8614,WK002200  ,16.2
8621,WK002201  ,18.2
8629,WK002202  ,16.2
8633,WK002204  ,14.4
8637,WK002205  ,12.5
8640,WK002206  ,10
8643,WK002207  ,12.2
9386,WK002400  ,11.7
9394,WK002401  ,16.4
9399,WK002402  ,18.1
9405,WK002403  ,12.4
9602,WK002500  ,14.8
9612,WK002501  ,13.9
405,WK003401  ,5.2
419,WK003402  ,2.8
442,WK003403  ,6.7
460,WK003404  ,1.2
470,WK003405  ,8
475,WK003406  ,
12848,WK003701  ,2.8
12862,WK003702  ,9.4
12867,WK003703  ,9.9
12872,WK003704  ,10.8
12877,WK003705  ,8.4
14371,WK004700  ,1.3
14380,WK004701  ,4.5
14385,WK004702  ,3.4
16226,WK005000  ,13
15851,WK005300  ,15.7
15858,WK005301  ,15.7
15863,WK005302  ,20.4
15870,WK005303  ,10.4
16397,WK005600  ,14.4
16403,WK005601  ,21.9
16409,WK005602  ,19.7
16416,WK005603  ,10.5
3974,WK005800  ,25.7
3987,WK005801  ,31.2
3997,WK005802  ,30.7
4003,WK005803  ,35.5
4011,WK005804  ,34.1
4016,WK005805  ,33.2
4025,WK005806  ,26.5
4034,WK005807  ,29.9
148,WK005900  ,19.4
159,WK005901  ,14.9
166,WK005902  ,12.4
612,WK006000  ,46.5
6644,WK007200  ,1.8
6653,WK007201  ,3.9
6656,WK007202  ,7.4
6759,WK007401  ,1.8
6771,WK007402  ,6.3
6777,WK007403  ,4.7
6780,WK007404  ,10.7
6788,WK007406  ,2.1
6790,WK007407  ,4.7
6793,WK007409  ,12.3
8299,WK007900  ,24.9
8302,WK007901  ,27.4
8312,WK007902  ,24.3
8318,WK007903  ,21.3
8656,WK008010  ,2.5
8665,WK008011  ,1.6
8675,WK008020  ,3
8685,WK008030  ,3.7
8693,WK008031  ,4.9
8696,WK008032  ,3.2
8700,WK008040  ,1.6
8705,WK008041  ,1.7
8716,WK008050  ,3.1
8720,WK008051  ,4.6
8726,WK008060  ,4.5
8730,WK008061  ,4.2
8733,WK008062  ,7
8744,WK008063  ,10.5
8752,WK008070  ,1.3
8757,WK008071  ,2.4
8759,WK008072  ,3.6
8763,WK008073  ,3.4
8769,WK008074  ,3.3
8771,WK008080  ,7.1
8780,WK008081  ,11
8798,WK008082  ,12.8
11186,WK008500  ,21.2
11190,WK008501  ,17.1
11195,WK008502  ,21.3
11201,WK008503  ,17.4
11206,WK008504  ,19.3
11211,WK008505  ,19.3
11241,WK008600  ,12.1
11244,WK008601  ,8.8
11251,WK008602  ,11.3
11256,WK008603  ,9.3
11264,WK008604  ,7.2
11270,WK008605  ,12.9
12464,WK008800  ,57.3
12747,WK009000  ,2.9
12766,WK009001  ,7.6
13465,WK009300  ,35.6
13468,WK009301  ,40.7
13472,WK009302  ,42.4
13476,WK009303  ,43.7
13479,WK009304  ,44.9
13483,WK009305  ,47.6
14844,WK009600  ,36.6
15621,WK009800  ,12.1
15624,WK009801  ,10.8
15635,WK009802  ,14.7
15640,WK009803  ,15.6
15647,WK009804  ,14.4
15653,WK009805  ,13.7
15658,WK009806  ,8.7
15665,WK009807  ,11.9
15672,WK009808  ,14.1
1668,WK010600  ,1.9
1682,WK010601  ,3
1689,WK010602  ,1.9
1696,WK010603  ,2.4
1708,WK010604  ,3.1
1713,WK010605  ,2.8
1724,WK010606  ,2
1730,WK010607  ,2.2
1749,WK010608  ,5.7
1768,WK010699  ,4.3
3300,WK010910  ,1.4
3316,WK010911  ,4.4
3319,WK010912  ,6.8
3322,WK010913  ,4.8
3324,WK010914  ,7.6
3326,WK010920  ,5.7
3337,WK010930  ,12.3
3347,WK010940  ,11.3
3366,WK010950  ,14.7
4786,WK011401  ,10.4
4794,WK011402  ,12.5
4799,WK011403  ,9.9
4806,WK011404  ,12
4812,WK011405  ,6.8
4818,WK011406  ,10.9
4823,WK011407  ,10
4830,WK011408  ,9.8
4839,WK011409  ,13.4
4843,WK011410  ,10.6
4850,WK011413  ,11.1
4854,WK011421  ,18
4859,WK011432  ,16.1
4863,WK011440  ,1.6
4865,WK011441  ,1.2
4868,WK011442  ,2.3
4870,WK011443  ,2.4
4872,WK011444  ,3
4874,WK011445  ,2.9
4876,WK011446  ,4.2
4878,WK011447  ,6.1
4880,WK011448  ,10
4882,WK011449  ,6.3
4884,WK011450  ,4.9
4886,WK011451  ,4.3
4890,WK011452  ,3.3
4893,WK011453  ,3.2
7694,WK011850  ,3.1
7704,WK011851  ,1.8
7715,WK011852  ,3.3
7718,WK011853  ,8.1
7722,WK011854  ,7.9
7726,WK011855  ,6.5
7729,WK011856  ,10.6
7732,WK011857  ,8.6
7735,WK011858  ,7.9
7738,WK011859  ,5.4
7741,WK011860  ,7.2
7746,WK011861  ,6.9
7748,WK011862  ,4.9
9781,WK011900  ,2.6
9785,WK011901  ,3.4
9788,WK011902  ,3.2
9792,WK011903  ,3.8
9797,WK011904  ,4.8
9800,WK011905  ,2.5
9803,WK011906  ,1.6
9808,WK011907  ,4.2
9811,WK011908  ,2.3
9813,WK011909  ,4.8
9816,WK011910  ,4.1
9822,WK011911  ,4.2
9826,WK011912  ,7.3
9837,WK011913  ,4.1
324,WK014110  ,3.5
329,WK014111  ,2.9
338,WK014112  ,4.9
343,WK014113  ,5.9
349,WK014114  ,3.3
358,WK014115  ,2.2
363,WK014116  ,1.7
370,WK014117  ,3.9
376,WK014118  ,6.7
384,WK014119  ,1.4
396,WK014120  ,6.2
401,WK014121  ,4.5
2748,WK014700  ,5.9
2759,WK014701  ,7.1
3455,WK014801  ,11.2
3475,WK014802  ,14.1
3487,WK014803  ,9.1
3674,WK015001  ,3.6
3682,WK015002  ,4.9
3684,WK015003  ,4.2
3691,WK015004  ,2.6
3699,WK015005  ,4.3
3702,WK015006  ,2.7
3708,WK015007  ,2.8
3715,WK015008  ,3.3
3719,WK015009  ,3.2
3727,WK015010  ,4.5
3739,WK015011  ,5.6
3743,WK015012  ,2.2
3746,WK015013  ,11
3748,WK015014  ,7.3
3752,WK015015  ,9.1
4908,WK015300  ,1.1
4918,WK015301  ,2.3
4926,WK015302  ,2
4936,WK015303  ,2.6
4939,WK015304  ,2.6
4947,WK015305  ,2.8
4952,WK015306  ,3.7
4963,WK015307  ,3.6
4968,WK015308  ,5.7
4978,WK015309  ,5.3
6112,WK015800  ,1.6
6130,WK015801  ,2.5
6135,WK015802  ,5
6138,WK015803  ,6.6
6141,WK015804  ,6
6143,WK015805  ,7.6
6145,WK015806  ,5
6147,WK015809  ,1.3
6441,WK016001  ,6.8
6444,WK016002  ,7.4
6446,WK016003  ,5.4
6448,WK016004  ,9.9
6456,WK016005  ,7
6460,WK016006  ,4.3
6462,WK016007  ,4.6
6464,WK016008  ,6
6470,WK016009  ,8.7
6480,WK016010  ,7.5
6482,WK016011  ,9.1
6484,WK016012  ,6.8
6487,WK016013  ,5.1
6489,WK016014  ,7.9
6491,WK016015  ,5.5
6493,WK016016  ,3.2
6495,WK016017  ,6.6
6498,WK016018  ,5.2
6500,WK016019  ,3.6
6505,WK016020  ,8.6
6508,WK016021  ,7.4
6510,WK016022  ,6.2
6512,WK016023  ,7.7
6514,WK016024  ,2.8
6517,WK016025  ,4
6520,WK016026  ,0.9
6525,WK016027  ,4.6
6527,WK016028  ,2.9
6537,WK016029  ,6.7
7060,WK016301  ,3.9
7067,WK016302  ,1.7
7071,WK016303  ,0.9
7076,WK016304  ,1.3
7085,WK016305  ,6.2
7095,WK016306  ,3.1
7102,WK016307  ,6.8
7104,WK016308  ,6.8
7106,WK016309  ,3.6
7235,WK016400  ,2.2
7239,WK016401  ,2.7
7244,WK016402  ,3.5
7250,WK016403  ,6
7261,WK016404  ,4.4
7266,WK016405  ,3
7274,WK016406  ,1.7
7282,WK016407  ,1.4
7290,WK016408  ,5.9
7297,WK016409  ,5.8
8146,WK016600  ,2
8166,WK016603  ,3.3
8175,WK016604  ,9.4
8178,WK016605  ,7
8181,WK016606  ,4.6
8183,WK016607  ,7.7
8185,WK016608  ,8.8
8187,WK016609  ,8.5
9414,WK016800  ,8.3
9419,WK016801  ,8.6
9423,WK016802  ,12
9426,WK016803  ,5.7
9429,WK016804  ,8.3
10649,WK017101  ,1.8
10668,WK017102  ,8.3
10672,WK017103  ,10.5
10675,WK017104  ,9.4
10679,WK017105  ,15
10684,WK017106  ,12
10688,WK017107  ,8.9
10692,WK017108  ,4.9
10696,WK017109  ,7.8
10700,WK017110  ,11.7
10704,WK017111  ,6.5
10708,WK017112  ,
10948,WK017301  ,0.7
10950,WK017302  ,0.6
10952,WK017303  ,1.3
10954,WK017304  ,1.4
10956,WK017305  ,1.1
10958,WK017306  ,1.4
10960,WK017307  ,3.7
10962,WK017308  ,2.2
10964,WK017309  ,2.7
10966,WK017310  ,3.8
10968,WK017311  ,2.7
10970,WK017312  ,2.9
10972,WK017313  ,2.8
10974,WK017314  ,2.3
11013,WK017501  ,1.6
11040,WK017502  ,3.6
11043,WK017503  ,9.1
11045,WK017504  ,7
11049,WK017505  ,9.4
11051,WK017506  ,6.4
11053,WK017507  ,9.5
11057,WK017508  ,7
11060,WK017509  ,6.7
11063,WK017510  ,8.9
11066,WK017511  ,5.7
11670,WK017700  ,2.6
11680,WK017701  ,2.5
11690,WK017702  ,8.8
11693,WK017703  ,8.1
11697,WK017704  ,7.6
11702,WK017705  ,5.2
11707,WK017706  ,11.4
11710,WK017708  ,5.9
11719,WK017709  ,7.9
11722,WK017710  ,8
12881,WK018000  ,7.1
12890,WK018001  ,10.6
12894,WK018002  ,11.8
12899,WK018003  ,6.2
12905,WK018004  ,8.2
12908,WK018005  ,12.6
12910,WK018006  ,4.1
12912,WK018007  ,14.2
13890,WK018300  ,5
13894,WK018301  ,7.4
13897,WK018302  ,4.8
13901,WK018303  ,1.4
13904,WK018304  ,5.3
13907,WK018305  ,6
13912,WK018306  ,5.4
13916,WK018307  ,7.7
14123,WK018400  ,1.5
15698,WK018900  ,6
15708,WK018901  ,6.8
15714,WK018902  ,8.8
15717,WK018903  ,5.1
15722,WK018904  ,5.5
15728,WK018905  ,4.4
16678,WK019310  ,3.1
16682,WK019311  ,2.3
16692,WK019312  ,1.4
16695,WK019313  ,2.5
16703,WK019314  ,4.3
16706,WK019320  ,5.9
16710,WK019321  ,7.4
16716,WK019322  ,6.7
16726,WK019330  ,4.1
16731,WK019331  ,3.8
16736,WK019332  ,4.5
16740,WK019340  ,2.8
16747,WK019341  ,4.8
16751,WK019350  ,5.1
16761,WK019351  ,5
16769,WK019352  ,8.3
114,WK019701  ,7.2
127,WK019702  ,6.8
132,WK019703  ,8
140,WK019704  ,9.7
1440,WK020001  ,4.7
1443,WK020002  ,4.3
1451,WK020003  ,2
1463,WK020004  ,3.2
1473,WK020005  ,5.5
1482,WK020006  ,7.2
1491,WK020007  ,7.5
1501,WK020008  ,6.4
1511,WK020010  ,13.6
1516,WK020011  ,9.2
1521,WK020012  ,9.7
1526,WK020013  ,9.7
1530,WK020014  ,4.1
1535,WK020015  ,5.2
1539,WK020016  ,8.6
1544,WK020017  ,10
1560,WK020201  ,2.7
1567,WK020202  ,2.7
1571,WK020203  ,3.6
1578,WK020204  ,3.2
1582,WK020205  ,2.3
1587,WK020206  ,1.6
1591,WK020207  ,2.1
1596,WK020208  ,2.9
1603,WK020209  ,1
1606,WK020210  ,2.7
1608,WK020211  ,2.4
1612,WK020212  ,2.4
1619,WK020213  ,5.3
1624,WK020214  ,3.1
1628,WK020215  ,4.1
1631,WK020216  ,3.2
1634,WK020217  ,3.5
1638,WK020218  ,3.3
1645,WK020219  ,1.8
1649,WK020220  ,1.9
1651,WK020221  ,2.8
1655,WK020222  ,2.2
1658,WK020223  ,1.4
1663,WK020224  ,4.2
1929,WK020354  ,1.8
1948,WK020355  ,6.9
1961,WK020356  ,6.7
1965,WK020357  ,8.3
1968,WK020358  ,7.7
1972,WK020359  ,10.3
1975,WK020360  ,6.3
1978,WK020361  ,5.5
1981,WK020362  ,14.6
1984,WK020363  ,6
2388,WK020901  ,7.8
2415,WK020902  ,9.8
2425,WK020903  ,5.8
2431,WK020904  ,7
3015,WK021301  ,9.2
3019,WK021302  ,9.5
3021,WK021303  ,6.7
3040,WK021304  ,4.9
3044,WK021305  ,7.9
3048,WK021306  ,7.4
3136,WK021400  ,7.5
3146,WK021401  ,5.7
3150,WK021402  ,4.4
3158,WK021403  ,10.4
3165,WK021404  ,9.1
3170,WK021405  ,10.2
3178,WK021406  ,8.8
3445,WK021600  ,1.7
3845,WK022101  ,6.9
3858,WK022201  ,1.4
3865,WK022202  ,2.3
3874,WK022203  ,1.7
3878,WK022204  ,2.1
3887,WK022205  ,1.3
3892,WK022206  ,3.7
3902,WK022207  ,3.8
3916,WK022208  ,1.9
3921,WK022209  ,1.1
3933,WK022211  ,5.2
3941,WK022231  ,7.8
4284,WK022500  ,1.5
4291,WK022501  ,2.8
4294,WK022502  ,2.4
4298,WK022503  ,4.5
4302,WK022504  ,5.5
4307,WK022601  ,
4309,WK022602  ,4.8
4311,WK022603  ,4.7
4320,WK022604  ,5.9
4323,WK022605  ,5
4325,WK022606  ,7.8
4435,WK022801  ,4.1
4441,WK022802  ,3.2
4448,WK022803  ,3.3
4455,WK022804  ,5.1
4459,WK022805  ,4.5
4461,WK022810  ,1.8
4466,WK022811  ,1.7
4470,WK022812  ,1.1
4475,WK022813  ,4
4482,WK022820  ,6.4
4486,WK022830  ,4.1
4493,WK022840  ,5.9
4502,WK022850  ,6
4505,WK022860  ,4.2
4508,WK022870  ,11.8
4513,WK022880  ,9.7
4517,WK022890  ,13.2
4765,WK023001  ,15.3
4774,WK023002  ,11.4
4780,WK023003  ,15.6
4989,WK023200  ,1.4
4997,WK023201  ,4.8
5003,WK023202  ,8.4
5012,WK023203  ,6.5
5018,WK023300  ,5.1
5029,WK023301  ,9.1
5253,WK023600  ,10.9
5264,WK023601  ,8.6
5273,WK023602  ,6.1
5281,WK023603  ,9.2
5286,WK023604  ,12
6541,WK024301  ,1.2
6544,WK024302  ,2.1
6549,WK024303  ,1.7
6552,WK024304  ,1.2
6555,WK024305  ,2.3
6560,WK024306  ,1.3
6563,WK024307  ,1.1
6566,WK024308  ,1.2
6575,WK024309  ,1.8
6578,WK024310  ,2.3
6585,WK024311  ,3.2
6590,WK024312  ,3.2
6603,WK024313  ,3.1
6607,WK024314  ,3.7
6611,WK024315  ,5.7
6618,WK024316  ,
6660,WK024400  ,9.5
6669,WK024401  ,9
6741,WK024600  ,1.8
6752,WK024601  ,6.6
7430,WK025200  ,5.7
7441,WK025201  ,9.5
9290,WK026200  ,1.4
9298,WK026201  ,3.8
9304,WK026202  ,7.2
9312,WK026203  ,4.5
9317,WK026204  ,7.3
9325,WK026205  ,10.6
9433,WK026300  ,8.8
9443,WK026301  ,9.4
9449,WK026302  ,6.6
9453,WK026303  ,12.1
9457,WK026304  ,6.6
10381,WK026701  ,1.4
10400,WK026702  ,5
10405,WK026703  ,2.7
10409,WK026704  ,4.8
10412,WK026705  ,5.4
10420,WK026801  ,3
10423,WK026802  ,2.5
10432,WK026803  ,3.4
10435,WK026804  ,2.4
10440,WK026805  ,1.4
10446,WK026806  ,1.8
10451,WK026807  ,3.6
10461,WK026808  ,4.6
10469,WK026809  ,2.4
10918,WK026900  ,14.5
10928,WK026901  ,10.4
10940,WK026902  ,11.4
11654,WK027300  ,1.8
11665,WK027301  ,3.8
11763,WK027401  ,5.4
11770,WK027402  ,6.4
11778,WK027403  ,7
11785,WK027404  ,8.3
11789,WK027405  ,10.2
11794,WK027406  ,9.7
11799,WK027407  ,9.2
11803,WK027408  ,9.9
11807,WK027409  ,9.1
11810,WK027410  ,7.8
11816,WK027411  ,6.2
11822,WK027412  ,6.3
11850,WK027500  ,1.3
11862,WK027501  ,5.5
11870,WK027502  ,1.4
12332,WK027700  ,3
12396,WK027900  ,9.5
13545,WK028100  ,2.3
13557,WK028101  ,1.4
13566,WK028102  ,4.2
13571,WK028103  ,3.8
14936,WK028500  ,10.3
14945,WK028501  ,8.5
14956,WK028502  ,11.1
14966,WK028503  ,9.1
15155,WK028901  ,2.4
15160,WK028902  ,2
15163,WK028903  ,1.5
15166,WK028904  ,1.6
15169,WK028905  ,1.5
15174,WK028906  ,0.8
15179,WK028907  ,1.4
15182,WK028908  ,1
15185,WK028909  ,0.5
15188,WK028910  ,1.2
15192,WK028911  ,3.7
15194,WK028912  ,3.1
15459,WK029300  ,5.7
15876,WK029400  ,2.1
15882,WK029401  ,5.6
15733,WK029600  ,10.4
15737,WK029601  ,9.1
15777,WK029602  ,12
15780,WK029603  ,10.3
15783,WK029604  ,7.1
15787,WK029605  ,9.7
15790,WK029606  ,10.6
15793,WK029607  ,13.1
15797,WK029608  ,7.2
16138,WK029700  ,1.5
16145,WK029701  ,11
16156,WK029702  ,5
16165,WK029703  ,10.7
16280,WK029900  ,2.1
16300,WK029901  ,5.9
16304,WK029902  ,8.6
16307,WK029903  ,8.3
16311,WK029904  ,5.7
16313,WK029905  ,7.2
16315,WK029906  ,8
16318,WK029907  ,9.2
16321,WK029908  ,8.7
16324,WK029909  ,11.3
16326,WK029910  ,12.2
16329,WK029911  ,14.2
16497,WK030100  ,3.8
16503,WK030101  ,2.3
16511,WK030102  ,3.6
16516,WK030103  ,2.1
16522,WK030104  ,1.9
16528,WK030105  ,3.1
10746,WK030200  ,13.4
10756,WK030201  ,13.4
4234,WK030301  ,1.8
4240,WK030302  ,2.7
4245,WK030303  ,3.7
4251,WK030304  ,4.9
4258,WK030305  ,7.2
4262,WK030306  ,12.7
4273,WK030307  ,7
10279,WK030400  ,11.4
10286,WK030401  ,10.5
10296,WK030402  ,9.1
621,WK030701  ,2.5
631,WK030702  ,2.8
637,WK030703  ,2.1
646,WK030704  ,1.9
651,WK030705  ,5.3
656,WK030706  ,1.6
660,WK030707  ,2.9
664,WK030708  ,1.9
668,WK030709  ,2
673,WK030710  ,3.3
679,WK030711  ,4.2
682,WK030712  ,6
685,WK030713  ,4.1
689,WK030714  ,3.3
694,WK030715  ,3.4
699,WK030716  ,3.9
704,WK030717  ,4
713,WK030718  ,4
719,WK030719  ,2.2
727,WK030720  ,3.5
735,WK030721  ,4.1
745,WK030722  ,4.1
747,WK030723  ,1.9
750,WK030724  ,4
757,WK030725  ,4.7
767,WK030726  ,4.9
772,WK030727  ,2.8
776,WK030728  ,5.9
784,WK030729  ,6.1
788,WK030730  ,5.8
791,WK030731  ,6.2
1816,WK030800  ,1.8
1825,WK030801  ,1.9
1833,WK030802  ,0.9
1836,WK030804  ,3.8
1839,WK030805  ,5.9
2485,WK031001  ,6.3
2487,WK031002  ,6.4
2489,WK031003  ,7.3
2491,WK031004  ,3.2
2493,WK031005  ,5.4
2495,WK031006  ,6.5
2497,WK031007  ,5.4
2499,WK031008  ,4.1
2501,WK031009  ,2.9
2503,WK031010  ,2.4
3112,WK031200  ,3.2
3117,WK031201  ,6.2
3120,WK031202  ,6.1
3124,WK031300  ,1.3
4524,WK031702  ,5
7911,WK032110  ,2.2
7923,WK032111  ,2
7935,WK032112  ,2
7946,WK032113  ,2
7954,WK032120  ,3.3
7967,WK032130  ,5
7970,WK032131  ,4.6
7972,WK032140  ,6.4
7975,WK032141  ,7.2
7977,WK032150  ,4.9
7980,WK032151  ,4.8
9165,WK032700  ,1.2
9176,WK032701  ,1.2
9187,WK032702  ,3.2
9191,WK032703  ,6.5
9194,WK032704  ,3.9
9196,WK032705  ,1.9
9370,WK033100  ,8
10212,WK033500  ,7.8
10215,WK033501  ,4.5
10222,WK033502  ,8.1
11830,WK033900  ,7.3
11877,WK034000  ,7.6
11879,WK034001  ,7
11885,WK034002  ,7.3
11889,WK034003  ,7.1
11893,WK034004  ,6
11895,WK034005  ,3.5
11900,WK034006  ,4.9
11902,WK034007  ,6.3
11906,WK034008  ,7.8
11908,WK034009  ,7.8
11910,WK034010  ,6.8
11912,WK034011  ,5.2
11914,WK034012  ,6.9
11916,WK034013  ,6
12781,WK034201  ,4.3
12785,WK034202  ,5.5
12787,WK034203  ,6
12792,WK034204  ,5.3
12798,WK034205  ,6.3
12800,WK034206  ,6.8
12806,WK034207  ,5.8
12813,WK034208  ,4.2
14136,WK034401  ,3.7
14148,WK034402  ,3.1
14162,WK034403  ,1.5
14173,WK034404  ,2.1
14185,WK034405  ,1.1
14199,WK034406  ,2
14211,WK034407  ,2.8
14220,WK034408  ,3.3
14228,WK034409  ,2.2
14244,WK034410  ,2.2
14392,WK034500  ,1.6
14397,WK034501  ,2.8
14404,WK034502  ,1.4
14414,WK034503  ,0.9
14418,WK034504  ,2.2
14425,WK034505  ,2.4
16030,WK035100  ,7.1
15828,WK035200  ,8.6
15841,WK035201  ,8.4
15844,WK035202  ,5.9
15847,WK035203  ,3.8
8081,WK035300  ,4.2
16239,WK035501  ,1.6
16245,WK035502  ,2.8
16252,WK035503  ,3.8
16262,WK035504  ,2.7
16270,WK035505  ,5.4
10304,WK035601  ,1.8
10306,WK035602  ,2.7
10308,WK035603  ,2
10310,WK035604  ,3.2
10312,WK035605  ,0.8
10314,WK035606  ,3.8
10316,WK035607  ,4.2
10318,WK035608  ,4.3
10320,WK035610  ,2.4
10322,WK035611  ,2.4
10324,WK035612  ,3
10326,WK035613  ,3.4
10328,WK035614  ,1.6
10330,WK035615  ,1.6
10332,WK035616  ,2.8
10334,WK035618  ,5
10336,WK035620  ,5.2
10338,WK035621  ,3.4
10340,WK035622  ,3.5
10342,WK035623  ,1.9
10344,WK035624  ,1.1
10346,WK035625  ,3.2
101,WK035800  ,4.5
106,WK035801  ,5.2
108,WK035802  ,5.9
246,WK036101  ,1
257,WK036102  ,3.1
267,WK036103  ,1.9
274,WK036104  ,2.1
281,WK036105  ,3
286,WK036106  ,4.6
292,WK036107  ,5.8
299,WK036108  ,1.3
304,WK036109  ,8.6
312,WK036110  ,12.1
320,WK036111  ,4.5
799,WK036201  ,2.4
802,WK036202  ,3.3
805,WK036203  ,2.7
810,WK036204  ,2
812,WK036205  ,2.7
815,WK036206  ,2.5
820,WK036207  ,3.2
823,WK036208  ,2
830,WK036209  ,0.9
836,WK036210  ,2.6
842,WK036211  ,4.1
849,WK036212  ,5.1
854,WK036213  ,4.4
857,WK036214  ,2.7
861,WK036300  ,0.9
867,WK036301  ,0.6
876,WK036302  ,0.7
881,WK036303  ,1.3
889,WK036304  ,1.5
899,WK036305  ,1.9
906,WK036306  ,1.2
918,WK036307  ,1.6
927,WK036308  ,1.2
932,WK036309  ,2
941,WK036310  ,6.3
950,WK036311  ,3.9
958,WK036312  ,3
961,WK036313  ,2.8
970,WK036314  ,2.3
977,WK036315  ,2.5
982,WK036316  ,1.8
986,WK036317  ,1.5
988,WK036318  ,1.9
991,WK036319  ,1.8
995,WK036320  ,1.9
999,WK036321  ,2.7
1002,WK036322  ,2
1005,WK036323  ,1.3
1011,WK036324  ,1.8
1017,WK036325  ,1.9
1022,WK036326  ,1.9
1026,WK036327  ,0.9
1030,WK036328  ,0.4
1035,WK036329  ,1.1
1039,WK036330  ,0.8
1042,WK036331  ,1.6
1046,WK036332  ,2.1
1051,WK036333  ,3.1
1063,WK036334  ,3.6
1070,WK036335  ,1
1076,WK036336  ,2.8
1079,WK036337  ,2.4
1086,WK036338  ,1.9
1089,WK036339  ,1.6
1094,WK036340  ,2.1
1098,WK036341  ,1.3
1103,WK036342  ,1.6
1108,WK036343  ,2.2
1111,WK036344  ,2.3
1118,WK036345  ,2.3
1121,WK036346  ,2.4
1126,WK036347  ,2.6
1137,WK036348  ,1.7
1144,WK036349  ,2.4
1151,WK036350  ,
1157,WK036351  ,1.6
1161,WK036352  ,2.9
1168,WK036353  ,2.2
1171,WK036354  ,2.6
1177,WK036355  ,1.7
1186,WK036356  ,2.3
1196,WK036357  ,3.3
1200,WK036358  ,2.9
1208,WK036359  ,1.8
1211,WK036360  ,2.2
1215,WK036361  ,3.3
1220,WK036362  ,3.7
1223,WK036363  ,3
1225,WK036364  ,3.3
1231,WK036365  ,3.5
1236,WK036366  ,3.9
1243,WK036367  ,2.9
1246,WK036368  ,3.8
1253,WK036369  ,2.6
1260,WK036370  ,1.2
1267,WK036371  ,2.8
1273,WK036372  ,3.6
1277,WK036373  ,6.2
1288,WK036374  ,2.2
1292,WK036375  ,2
1297,WK036376  ,2.3
1300,WK036377  ,2.1
1307,WK036378  ,3.4
1313,WK036379  ,4.2
1316,WK036380  ,5.2
1320,WK036381  ,2.6
1326,WK036382  ,3.1
1331,WK036383  ,4
1334,WK036384  ,3.8
1338,WK036385  ,1.5
1342,WK036386  ,1
1349,WK036387  ,1.8
1356,WK036388  ,1.4
1367,WK036389  ,1.1
1372,WK036390  ,1.5
1379,WK036391  ,2.3
1384,WK036392  ,1.3
1392,WK036393  ,3.7
1404,WK036394  ,4.9
1419,WK036395  ,3.6
1423,WK036396  ,2
1431,WK036397  ,3.4
1436,WK036398  ,2.6
2008,WK037000  ,8.7
2017,WK037001  ,2.9
2178,WK037301  ,6.2
2196,WK037302  ,11.5
2198,WK037303  ,6.9
2200,WK037304  ,9.3
2205,WK037305  ,5.1
2208,WK037306  ,7.7
2213,WK037307  ,11.7
2437,WK037500  ,1.1
2444,WK037501  ,0.8
2448,WK037502  ,1.5
2452,WK037503  ,1.8
2457,WK037504  ,1.4
2460,WK037505  ,2.2
2464,WK037506  ,2.7
2467,WK037507  ,2.6
2472,WK037508  ,4.3
2475,WK037509  ,2.8
2479,WK037510  ,3.2
2575,WK037601  ,4.6
2586,WK037700  ,3.8
2594,WK037701  ,4.8
2598,WK037702  ,3.6
2603,WK037703  ,5.3
2606,WK037704  ,4.9
3272,WK038300  ,4.8
3275,WK038301  ,4
3278,WK038302  ,4.3
3282,WK038303  ,4.6
3285,WK038304  ,4.9
3290,WK038305  ,5.7
3293,WK038306  ,8.9
3295,WK038307  ,0.9
3758,WK038400  ,4.7
3771,WK038401  ,4.7
3778,WK038402  ,6
4397,WK038500  ,2.9
4404,WK038501  ,4.6
4406,WK038502  ,1.6
4419,WK038503  ,10.4
4421,WK038504  ,10.2
4424,WK038505  ,9.8
4426,WK038506  ,6.4
4428,WK038507  ,4.8
4430,WK038508  ,8.3
4432,WK038509  ,7
4897,WK038800  ,0.8
4902,WK038801  ,2.4
6170,WK039201  ,2.8
6177,WK039202  ,2.1
6186,WK039203  ,3.3
6191,WK039204  ,3.2
6197,WK039205  ,4.2
6204,WK039206  ,3.4
6208,WK039207  ,2.3
6213,WK039208  ,1.7
6218,WK039209  ,2.6
6225,WK039210  ,3.7
6231,WK039211  ,2.6
6237,WK039212  ,3.6
6245,WK039213  ,2.5
6253,WK039214  ,1.5
6258,WK039215  ,1
6262,WK039216  ,0.7
6268,WK039217  ,3
6271,WK039218  ,0.9
6279,WK039219  ,1.1
6286,WK039220  ,1.8
6294,WK039221  ,1.9
6303,WK039300  ,5.4
6311,WK039401  ,3.5
6336,WK039402  ,1.7
6348,WK039403  ,7.7
6357,WK039404  ,5.9
6361,WK039405  ,4
6374,WK039406  ,7.1
6380,WK039407  ,7.8
6385,WK039408  ,7
6389,WK039409  ,6.1
6394,WK039410  ,5.1
6397,WK039411  ,2.2
6400,WK039412  ,4.1
6403,WK039413  ,2
6407,WK039415  ,3.8
6412,WK039416  ,8.5
6673,WK039601  ,1.2
6676,WK039602  ,1.8
6680,WK039603  ,3.1
6685,WK039604  ,2.7
6693,WK039605  ,0.7
6698,WK039606  ,1.1
6706,WK039607  ,1.5
6710,WK039608  ,1.9
6714,WK039609  ,2.5
6717,WK039610  ,3.6
6720,WK039611  ,
6723,WK039700  ,1.7
6734,WK039701  ,3.7
6738,WK039702  ,2.5
6798,WK039801  ,1.1
6800,WK039802  ,2.7
6803,WK039804  ,1.2
6805,WK039806  ,1.6
6809,WK039807  ,2.1
6812,WK039808  ,1.3
6814,WK039809  ,0.4
6817,WK039810  ,0.9
6819,WK039811  ,1.7
6821,WK039812  ,2.3
6829,WK039813  ,2.2
6832,WK039814  ,2.1
6834,WK039815  ,2.8
6837,WK039816  ,3
6841,WK039817  ,3.7
6844,WK039818  ,3.3
6848,WK039819  ,1
6850,WK039820  ,5.6
6852,WK039830  ,6.1
6854,WK039840  ,2.2
6856,WK039850  ,3.8
6957,WK039901  ,2.1
6959,WK039902  ,4
6962,WK039903  ,3.4
6967,WK039904  ,4.6
6970,WK039905  ,3.5
6975,WK039906  ,2.7
6980,WK039907  ,4.5
6982,WK039908  ,2.3
6986,WK040001  ,1.9
6997,WK040002  ,1
7007,WK040003  ,2.2
7013,WK040004  ,2.9
7024,WK040005  ,4.1
7035,WK040006  ,7.8
7044,WK040007  ,7.8
7048,WK040008  ,9.2
7525,WK040201  ,2.4
7530,WK040202  ,3.6
7537,WK040203  ,4.7
7542,WK040204  ,3.1
7548,WK040205  ,1.4
7555,WK040206  ,1.9
7562,WK040207  ,3.2
7567,WK040208  ,6
7569,WK040209  ,5.1
7756,WK040510  ,1.6
7761,WK040511  ,1.9
7766,WK040512  ,1.2
7772,WK040513  ,2.4
7782,WK040520  ,1.5
7792,WK040521  ,2.7
7799,WK040522  ,2.1
7802,WK040530  ,3.3
7809,WK040531  ,3.1
7815,WK040532  ,2.6
7820,WK040533  ,4.1
7831,WK040534  ,4.6
7835,WK040535  ,4.8
7842,WK040536  ,
7984,WK040600  ,4.2
7987,WK040601  ,3.7
7989,WK040602  ,2.9
7993,WK040603  ,3.2
8000,WK040604  ,3.4
8003,WK040605  ,5.5
8007,WK040606  ,4.5
8010,WK040607  ,5.1
8012,WK040608  ,5.7
8015,WK040609  ,6.3
8017,WK040610  ,5.8
8020,WK040611  ,6.8
8024,WK040612  ,7.3
8505,WK041500  ,4.2
8511,WK041501  ,5.6
8515,WK041600  ,4.2
8602,WK041703  ,2.9
9620,WK042000  ,18
9627,WK042001  ,5.9
9632,WK042002  ,7.4
9634,WK042003  ,5
9636,WK042004  ,11.3
9639,WK042005  ,8.9
9643,WK042006  ,10.1
9645,WK042007  ,13.4
9647,WK042008  ,16.1
9649,WK042009  ,11.6
9652,WK042010  ,9.5
9657,WK042011  ,12.5
9662,WK042012  ,9.8
11220,WK043100  ,5.4
11226,WK043200  ,10.3
11233,WK043201  ,11.6
11238,WK043202  ,13.7
11459,WK043700  ,4.2
11619,WK043901  ,1.8
11623,WK043902  ,2.6
11629,WK043903  ,1.6
11633,WK043904  ,1.2
11636,WK043905  ,2.3
11643,WK043906  ,1.9
11647,WK043907  ,2.8
12353,WK044100  ,1.7
12364,WK044101  ,7.7
12371,WK044102  ,6.2
12378,WK044103  ,10.4
12385,WK044104  ,9.3
13488,WK044800  ,3
13498,WK044801  ,11.7
14092,WK045000  ,4.3
14100,WK045115  ,2.4
14102,WK045125  ,1.7
14104,WK045135  ,2.3
14106,WK045145  ,1.6
14108,WK045150  ,1.6
14110,WK045155  ,1.4
14112,WK045165  ,2.3
14114,WK045175  ,3.2
14116,WK045185  ,2.4
14118,WK045190  ,5.1
14120,WK045195  ,6
14508,WK045300  ,3.2
14515,WK045301  ,3.3
14523,WK045302  ,3.1
14531,WK045303  ,4.6
14536,WK045304  ,5
14544,WK045305  ,0.5
14553,WK045306  ,1.7
14563,WK045307  ,2.2
14568,WK045308  ,2.2
14578,WK045309  ,5.2
15306,WK045700  ,0.6
15309,WK045701  ,0.8
15314,WK045702  ,1.2
15317,WK045703  ,1.4
15322,WK045704  ,1.1
15325,WK045707  ,2.5
15327,WK045708  ,3.2
15329,WK045709  ,1.7
16170,WK047301  ,8.4
16178,WK047302  ,7.7
16185,WK047303  ,4.8
16188,WK047304  ,6.6
16068,WK047911  ,2.5
16072,WK047912  ,3.2
16074,WK047913  ,1.9
16077,WK047914  ,1.2
16079,WK047915  ,1.5
16082,WK047916  ,3.2
16085,WK047921  ,2.9
16090,WK047922  ,1.7
16094,WK047923  ,5.6
16097,WK047931  ,2.1
16099,WK047932  ,5
16101,WK047941  ,3.5
16103,WK047942  ,4.2
16106,WK047951  ,3.8
16113,WK047961  ,2.3
16118,WK047962  ,2.5
16123,WK047971  ,3.9
16127,WK047972  ,0.9
16131,WK047981  ,5.7
176,WK048201  ,7.1
182,WK048202  ,8.3
189,WK048203  ,7.9
197,WK048204  ,7.8
202,WK048205  ,6.1
206,WK048206  ,8
478,WK048401  ,1.7
490,WK048402  ,1.1
502,WK048403  ,1.9
510,WK048404  ,2.3
516,WK048405  ,2.8
523,WK048406  ,2.6
529,WK048407  ,5.1
532,WK048408  ,4.3
546,WK048409  ,7.1
548,WK048431  ,5
553,WK048445  ,7.2
558,WK048470  ,9
574,WK048471  ,3.3
578,WK048491  ,9.7
584,WK048494  ,6.4
589,WK048496  ,5.1
1843,WK048901  ,3.3
1847,WK048902  ,3.6
1852,WK048903  ,4.3
1854,WK048904  ,4.6
1857,WK048905  ,4.5
1861,WK048906  ,3.9
1863,WK048907  ,3.2
1865,WK048908  ,3.3
1868,WK048909  ,2.6
1874,WK048910  ,2.9
1876,WK048911  ,2.9
1878,WK048912  ,2.7
1882,WK048913  ,1.6
1884,WK048914  ,0.7
1889,WK048915  ,2
1891,WK048916  ,2.4
1893,WK048917  ,3
1895,WK048918  ,1.7
1897,WK048919  ,2
1899,WK048920  ,2.7
1901,WK048930  ,1.5
1907,WK048931  ,3.5
1913,WK048950  ,2.4
4185,WK049800  ,7.6
4189,WK049801  ,8
4193,WK049802  ,5.4
4195,WK049803  ,8.5
4203,WK049804  ,10.1
4206,WK049805  ,6.5
2944,WK050100  ,1.6
2953,WK050101  ,2.7
2956,WK050102  ,5
2961,WK050103  ,5
3183,WK050201  ,3.4
3194,WK050202  ,2.9
3202,WK050203  ,3.4
3210,WK050204  ,4.8
3220,WK050205  ,4.2
3228,WK050206  ,1.4
3240,WK050207  ,2.8
3251,WK050208  ,3.4
3262,WK050209  ,3.9
3517,WK050311  ,2.6
3528,WK050312  ,3.4
3538,WK050313  ,1.9
3547,WK050314  ,2.1
3556,WK050316  ,4.2
3562,WK050322  ,2.6
3569,WK050323  ,3.1
3576,WK050324  ,1.8
3586,WK050325  ,1.2
3598,WK050326  ,3.3
3600,WK050327  ,2
3605,WK050328  ,3.3
3616,WK050329  ,5.1
4042,WK050501  ,3.5
4058,WK050502  ,3.5
4066,WK050503  ,2.5
4075,WK050504  ,1.8
4083,WK050505  ,2.3
4095,WK050506  ,4.7
4105,WK050507  ,2.8
4114,WK050508  ,1.9
4118,WK050509  ,2.1
4130,WK050510  ,2.4
4145,WK050511  ,4.2
4159,WK050519  ,4.5
4179,WK050598  ,5.9
5634,WK051201  ,2.1
5637,WK051202  ,2.6
5639,WK051203  ,2.3
5641,WK051204  ,1.2
5644,WK051205  ,0.7
5646,WK051206  ,0.9
5648,WK051207  ,1.5
5650,WK051208  ,1.9
5652,WK051209  ,3.1
5654,WK051210  ,2.9
5656,WK051211  ,3.5
5661,WK051212  ,4.9
5663,WK051213  ,4.7
5665,WK051214  ,2.5
5669,WK051215  ,3.3
5671,WK051216  ,2
5673,WK051217  ,2.4
5675,WK051218  ,3.9
5677,WK051219  ,2.4
5679,WK051220  ,5.3
5681,WK051221  ,3.6
5684,WK051301  ,1.6
5691,WK051302  ,2.3
5697,WK051303  ,1.3
5704,WK051304  ,2
5713,WK051305  ,1.4
5721,WK051306  ,1.9
5727,WK051307  ,3.7
5734,WK051308  ,2.9
5737,WK051309  ,4.5
5767,WK051801  ,
5769,WK051802  ,2.5
5771,WK051803  ,1.9
5774,WK051804  ,1.1
5781,WK051805  ,2.1
5783,WK051806  ,2
5785,WK051807  ,2.4
5791,WK051808  ,1.5
5793,WK051809  ,1.1
5796,WK051810  ,0.8
5798,WK051811  ,0.8
5801,WK051812  ,1
5805,WK051813  ,1
5807,WK051814  ,2.8
5810,WK051815  ,3.3
5813,WK051816  ,3.5
5815,WK051817  ,2
5819,WK051818  ,2.6
5825,WK051819  ,1.8
5828,WK051820  ,1.5
5831,WK051821  ,1.4
5834,WK051822  ,1.5
5836,WK051823  ,2.3
5838,WK051824  ,2.3
5840,WK051825  ,2.6
5845,WK051826  ,1.8
5849,WK051827  ,2
5853,WK051828  ,1.2
5858,WK051829  ,1.1
5862,WK051830  ,1.4
5866,WK051831  ,1.8
5870,WK051832  ,1.1
5872,WK051833  ,2.7
5877,WK051834  ,1.7
5881,WK051835  ,1.4
5883,WK051836  ,2.9
5888,WK051837  ,1.9
5890,WK051838  ,2.4
5897,WK051839  ,1.7
5899,WK051840  ,4.3
5905,WK051841  ,1
5909,WK051842  ,2.2
5917,WK051843  ,2.5
5920,WK051844  ,2.8
6621,WK052300  ,6
7109,WK053000  ,1.8
7115,WK053001  ,1.8
7124,WK053002  ,3.1
7127,WK053003  ,1.2
7132,WK053004  ,1.1
7137,WK053005  ,1.6
7143,WK053006  ,2.5
7146,WK053007  ,0.4
7149,WK053008  ,2.2
7151,WK053009  ,4.3
7155,WK053010  ,3.5
7217,WK053101  ,3.2
7221,WK053102  ,2.1
7226,WK053103  ,2
7229,WK053104  ,3.1
7231,WK053105  ,3.8
12915,WK053200  ,4.9
12919,WK053201  ,3.4
7481,WK053401  ,1.5
7489,WK053402  ,2.3
7496,WK053403  ,0.6
7502,WK053404  ,3.1
8200,WK053701  ,2.3
8207,WK053702  ,3.1
8210,WK053703  ,1.7
8217,WK053705  ,0.9
8228,WK053706  ,3.6
8232,WK053707  ,3.6
8243,WK053708  ,3.8
8347,WK054200  ,1.8
8647,WK054500  ,2.4
8809,WK054600  ,2.2
8814,WK054601  ,2.4
8825,WK054602  ,1.3
8827,WK054603  ,2.3
8831,WK054604  ,3.1
8842,WK054605  ,3.1
8851,WK054606  ,1.8
8855,WK054607  ,0.9
8861,WK054608  ,3.2
8868,WK054609  ,3.6
8874,WK054700  ,1.6
8885,WK054701  ,2.1
8889,WK054702  ,2.5
9247,WK055301  ,2.9
9249,WK055302  ,5.4
9251,WK055303  ,2.3
9253,WK055304  ,3.2
9255,WK055305  ,3.3
9257,WK055306  ,3.3
9259,WK055307  ,4
9261,WK055308  ,4.4
9263,WK055309  ,3.7
9265,WK055310  ,3.9
9267,WK055311  ,4.4
9269,WK055312  ,5.2
9271,WK055313  ,4.7
9273,WK055314  ,4.9
9275,WK055315  ,4.4
9277,WK055316  ,4.5
9279,WK055317  ,4.3
9281,WK055318  ,4.5
9283,WK055319  ,3.3
9285,WK055320  ,1.7
9287,WK055321  ,3
9488,WK055601  ,2.1
9490,WK055602  ,1.4
9494,WK055603  ,2.2
9498,WK055604  ,0.8
9504,WK055605  ,1.1
9507,WK055606  ,2.1
9510,WK055607  ,3.6
9513,WK055608  ,1
10349,WK056900  ,9.5
10359,WK056901  ,8.1
10365,WK056902  ,9.2
10372,WK056903  ,7.5
10711,WK057500  ,6.2
10718,WK057501  ,7.5
10725,WK057600  ,5.8
10781,WK057900  ,2.4
11407,WK058400  ,7.7
2506,WK058500  ,7.6
2513,WK058501  ,5.7
2521,WK058502  ,4.1
2527,WK058503  ,9.9
2535,WK058504  ,11.6
2544,WK058505  ,8.3
8324,WK058800  ,10.7
8328,WK058801  ,10.8
8332,WK058802  ,13.4
8338,WK058803  ,7.7
11468,WK058901  ,9.7
11471,WK058902  ,9.5
11485,WK058903  ,7.8
11488,WK058904  ,8.1
11529,WK059000  ,6.4
11922,WK059701  ,1.1
11924,WK059702  ,1.8
11926,WK059703  ,0.7
11928,WK059704  ,1.3
11930,WK059705  ,1.5
11932,WK059706  ,2.7
11934,WK059707  ,4.2
11936,WK059708  ,2.7
11938,WK059709  ,3.8
11940,WK059710  ,1.7
11942,WK059711  ,
11944,WK059712  ,2.2
12217,WK059901  ,0.8
12224,WK059903  ,2.2
12234,WK059904  ,2.8
12241,WK059905  ,1.7
12249,WK059906  ,3.3
12255,WK059908  ,1.5
12264,WK059910  ,1.6
12274,WK059912  ,2.2
12279,WK059913  ,5.2
12281,WK059914  ,2.4
12290,WK059915  ,2.1
12301,WK059916  ,1.3
12304,WK059917  ,4.1
12308,WK059918  ,3.6
12310,WK059919  ,3.4
12312,WK059921  ,5.8
12316,WK059922  ,
12318,WK059923  ,
12322,WK059924  ,4.7
12324,WK059925  ,
12326,WK059926  ,
12328,WK059927  ,1.2
11991,WK060301  ,1.2
11994,WK060302  ,2
12000,WK060303  ,2.2
12003,WK060304  ,3.3
12007,WK060305  ,3.7
12009,WK060306  ,4.2
12014,WK060307  ,4.7
12017,WK060308  ,4.3
12022,WK060309  ,5
12026,WK060310  ,3.6
12031,WK060311  ,4.1
12401,WK060600  ,2.1
12403,WK060601  ,2.9
12411,WK060602  ,2
12415,WK060603  ,2
12425,WK060604  ,3.2
12431,WK060605  ,2.7
12433,WK060606  ,1.5
12441,WK060607  ,1.7
12449,WK060608  ,3.8
12453,WK060609  ,3.1
12658,WK061001  ,1.9
12668,WK061002  ,0.8
12680,WK061003  ,2
12688,WK061004  ,2.1
3405,WK061100  ,4.8
3411,WK061101  ,0.8
212,WK061301  ,2.6
217,WK061302  ,3.9
220,WK061303  ,2.8
227,WK061304  ,4.6
235,WK061305  ,4.5
238,WK061306  ,3
243,WK061307  ,
15679,WK061400  ,8.7
15687,WK061401  ,6.2
13201,WK061700  ,9.6
14774,WK062000  ,6.3
14783,WK062001  ,8.7
14789,WK062002  ,6.8
14795,WK062201  ,3.9
14800,WK062202  ,5.3
14806,WK062203  ,4.7
14814,WK062204  ,3.5
14819,WK062205  ,2.3
14825,WK062206  ,2.9
14832,WK062207  ,4
14841,WK062208  ,5
14922,WK062600  ,5
15128,WK062701  ,7
15135,WK062702  ,7.1
15140,WK062703  ,6.6
15145,WK062704  ,5.5
15201,WK062900  ,3.6
15212,WK062901  ,1
15917,WK063201  ,2.1
15924,WK063202  ,3.2
15929,WK063203  ,1.8
15935,WK063204  ,4.7
15938,WK063205  ,3.5
15942,WK063206  ,5.1
15949,WK063207  ,4.7
15953,WK063208  ,7.4
16333,WK063700  ,2.8
16338,WK063701  ,4
16341,WK063702  ,1.6
16344,WK063703  ,2.2
16347,WK063704  ,2.7
16350,WK063705  ,5.3
16353,WK063706  ,4.5
16356,WK063708  ,3.7
16361,WK063709  ,4.1
16369,WK063800  ,6.7
16377,WK063801  ,7.4
16379,WK063802  ,6.1
16381,WK063803  ,6.7
16383,WK063804  ,6.5
16385,WK063809  ,5.8
16387,WK063810  ,3.3
16576,WK064201  ,2.2
16592,WK064202  ,2.4
16602,WK064203  ,1.5
16616,WK064204  ,2.7
16627,WK064205  ,3.2
16643,WK064206  ,3.2
16654,WK064207  ,3.6
16663,WK064208  ,6
16669,WK064209  ,5.6
2766,WK065401  ,11.2
2769,WK065402  ,16.8
2772,WK065403  ,13
2775,WK065404  ,15.2
2778,WK065405  ,9.7
2781,WK065406  ,8.7
2784,WK065407  ,8.2
2787,WK065408  ,12.2
2790,WK065409  ,12.2
2794,WK065410  ,7.3
2797,WK065411  ,11.8
2800,WK065412  ,11.3
2803,WK065413  ,4.5
2806,WK065414  ,4.7
2809,WK065415  ,13.5
5482,WK066401  ,3.8
5494,WK066402  ,6.7
5497,WK066403  ,1.8
5502,WK066404  ,6.8
5505,WK066405  ,8.6
5509,WK066406  ,8.8
5511,WK066407  ,5.9
5515,WK066408  ,10.8
5518,WK066409  ,11.9
15370,WK066801  ,9.1
15373,WK066802  ,6.2
15376,WK066803  ,8
15379,WK066804  ,0.8
15382,WK066805  ,2.9
15385,WK066806  ,8.6
15388,WK066807  ,7.7
15391,WK066808  ,3.8
8028,WK067701  ,1.5
8040,WK067702  ,3.6
8043,WK067703  ,4.5
8046,WK067704  ,7.2
8051,WK067705  ,6
8054,WK067706  ,9.6
8057,WK067707  ,4.5
8059,WK067708  ,10.8
8063,WK067709  ,7.7
8068,WK067710  ,4.2
8071,WK067711  ,8.3
8074,WK067712  ,10.2
8077,WK067713  ,14.4
8190,WK067800  ,5.6
8193,WK067801  ,9.3
8196,WK067802  ,9.1
9842,WK068700  ,0.8
9844,WK068701  ,2.1
9855,WK068702  ,1.3
9858,WK068703  ,1.5
9863,WK068704  ,4.9
9866,WK068705  ,5.4
5360,WK068900  ,6.1
5364,WK068901  ,7.9
5367,WK068902  ,6.5
5370,WK068903  ,6.7
5373,WK068904  ,5.3
5377,WK068905  ,6
5382,WK068906  ,6.3
5387,WK068907  ,9.8
5391,WK068908  ,3.4
11727,WK070300  ,12.6
11733,WK070301  ,12.9
11739,WK070302  ,18.6
11745,WK070303  ,17.9
11748,WK070304  ,16.2
11755,WK070305  ,10.3
11759,WK070306  ,15.9
16194,WK070701  ,9.8
16199,WK070702  ,10.5
16204,WK070703  ,9.6
16208,WK070704  ,10.4
16212,WK070705  ,9.5
16215,WK070706  ,6
16220,WK070707  ,7.1
13393,WK071501  ,4.6
13395,WK071504  ,2.9
13400,WK071507  ,1.8
13406,WK071510  ,3.6
13412,WK071513  ,4
13414,WK071516  ,3.1
13416,WK071519  ,6.4
13418,WK071522  ,5.4
13420,WK071525  ,15
13422,WK071528  ,14.8
13424,WK071531  ,8.1
13426,WK071534  ,8.3
13428,WK071537  ,11
13430,WK071540  ,10.5
13432,WK071543  ,14.5
13434,WK071546  ,13.4
13436,WK071549  ,10.3
13438,WK071552  ,11.5
13440,WK071555  ,12.4
13442,WK071558  ,8.4
13444,WK071561  ,5.6
13446,WK071564  ,5.4
13448,WK071567  ,1.8
13450,WK071570  ,
13452,WK071573  ,10.9
13454,WK071576  ,10.2
13456,WK071579  ,4.4
13458,WK071582  ,6.2
13460,WK071585  ,11.4
13462,WK071588  ,11.9
13519,WK071600  ,11.3
13522,WK071601  ,16.4
13525,WK071602  ,18.6
13528,WK071603  ,20.7
13531,WK071604  ,24.8
13534,WK071605  ,17.6
13537,WK071606  ,11.7
13540,WK071607  ,12.8
14435,WK071700  ,7.4
14440,WK071701  ,7.3
14443,WK071702  ,10.3
14447,WK071703  ,6.7
14450,WK071704  ,12.7
14453,WK071705  ,10.5
14459,WK071706  ,10.9
14462,WK071707  ,6.3
14465,WK071708  ,9
14468,WK071709  ,3.9
14473,WK071710  ,7
14478,WK071711  ,9.2
14482,WK071712  ,14.2
14848,WK071801  ,1.2
14853,WK071802  ,0.9
14864,WK071803  ,1.9
14869,WK071804  ,2.7
14878,WK071805  ,3.5
14887,WK071806  ,5.5
14892,WK071807  ,2.6
14896,WK071808  ,
9200,WK073300  ,3.2
9205,WK073301  ,5.2
9210,WK073302  ,7.6
9213,WK073303  ,8.9
12113,WK073601  ,1.1
12122,WK073602  ,4.7
12125,WK073603  ,2.9
12127,WK073604  ,5.7
12132,WK073605  ,5.2
12135,WK073606  ,3.1
12139,WK073607  ,4
12143,WK073608  ,7.3
14020,WK073700  ,16.6
14023,WK073701  ,13.1
14029,WK073702  ,11.9
14034,WK073703  ,11.2
14037,WK073704  ,11.8
14042,WK073705  ,13.7
14047,WK073706  ,13.9
14050,WK073707  ,13.4
14055,WK073708  ,16.6
14058,WK073709  ,12.4
78,WK073800  ,9.8
82,WK073801  ,11.7
85,WK073802  ,9.6
88,WK073803  ,7.6
91,WK073804  ,9.4
94,WK073805  ,6.3
97,WK073806  ,11.2
1788,WK074300  ,1
1794,WK074301  ,3.7
1797,WK074302  ,3
1800,WK074308  ,8.2
1802,WK074309  ,5.7
1805,WK074400  ,18.6
1810,WK074401  ,17.7
1813,WK074402  ,27.2
2222,WK074800  ,2.7
2230,WK074801  ,3.9
2235,WK074802  ,1.8
2245,WK074803  ,4.1
2252,WK074804  ,6.7
2261,WK074805  ,7.2
2369,WK075300  ,9.4
2661,WK075500  ,6.5
2668,WK075501  ,9
2813,WK075600  ,3.2
2824,WK075601  ,5.3
2827,WK075602  ,2.1
2830,WK075603  ,4.9
2833,WK075604  ,5.1
2836,WK075605  ,7.4
2839,WK075606  ,10.3
2843,WK075607  ,6.9
2848,WK075608  ,8.3
2851,WK075609  ,7.8
2855,WK075700  ,1.7
2866,WK075701  ,4.1
2869,WK075702  ,5.1
2876,WK075800  ,2
2883,WK075801  ,3.6
2892,WK075802  ,1.6
2899,WK075803  ,1.9
2905,WK075804  ,1
2908,WK075805  ,2.2
2919,WK075806  ,6.3
2929,WK075807  ,3.4
2933,WK075808  ,4.7
2936,WK075809  ,6
2939,WK075810  ,4.1
3651,WK076200  ,2
3661,WK076201  ,4.4
3664,WK076202  ,6.3
3667,WK076203  ,10.1
3670,WK076204  ,9.8
11578,WK076500  ,6.2
11581,WK076501  ,8.4
3954,WK076601  ,6.9
3970,WK076602  ,7.3
4569,WK077000  ,10.5
4581,WK077001  ,11.3
4586,WK077002  ,6.4
4589,WK077003  ,11.5
4592,WK077004  ,9
4595,WK077005  ,6.4
4641,WK077211  ,2.6
4647,WK077212  ,2.2
4673,WK077213  ,2.9
4684,WK077214  ,1.4
4702,WK077215  ,2.9
4725,WK077216  ,4.1
4750,WK077217  ,2.2
5037,WK077700  ,1.1
5044,WK077701  ,
5046,WK077702  ,2.1
5048,WK077710  ,2.4
5065,WK077711  ,2.7
5067,WK077712  ,4
5072,WK077720  ,1.7
5084,WK077721  ,3.2
5086,WK077722  ,
5088,WK077723  ,3.2
5238,WK077900  ,6.6
5243,WK077901  ,7.1
5246,WK077902  ,7.8
5394,WK078400  ,9.1
5398,WK078401  ,11.1
5402,WK078402  ,8
5405,WK078403  ,9.4
5521,WK078501  ,4
5523,WK078502  ,3.6
5525,WK078503  ,2.9
5528,WK078504  ,2.4
5531,WK078505  ,3.7
5533,WK078506  ,4.6
5535,WK078507  ,4.2
5538,WK078508  ,4
5542,WK078509  ,5.1
5548,WK078510  ,5.7
5550,WK078511  ,5
5554,WK078512  ,
5556,WK078513  ,5.4
5559,WK078514  ,5.1
5561,WK078520  ,6.9
5564,WK078521  ,7.6
5566,WK078522  ,
5568,WK078523  ,9
5745,WK078600  ,13.8
5753,WK078601  ,14.5
5757,WK078602  ,14
5763,WK078603  ,16.2
6150,WK078801  ,5.1
6156,WK078802  ,8.3
6162,WK078803  ,4
6165,WK078804  ,6.6
7160,WK079410  ,1.9
7168,WK079411  ,3.3
7172,WK079412  ,3.2
7176,WK079413  ,2.7
7182,WK079414  ,5.9
7188,WK079415  ,1.3
7191,WK079416  ,1
7195,WK079417  ,2.2
7199,WK079418  ,5.3
7203,WK079419  ,4.8
7206,WK079421  ,4.1
7213,WK079429  ,3.6
7308,WK079601  ,2.5
7315,WK079602  ,4.1
7328,WK079603  ,4
7335,WK079604  ,3.3
7339,WK079605  ,1.5
7347,WK079606  ,1.6
7357,WK079607  ,3
7367,WK079608  ,1.9
7372,WK079609  ,2.2
7388,WK079610  ,1.9
7400,WK079611  ,2.1
7412,WK079612  ,6.1
7419,WK079613  ,5.5
7425,WK079614  ,7.8
7452,WK079701  ,1.7
7458,WK079702  ,2.1
7460,WK079703  ,5.5
7462,WK079704  ,3.6
7464,WK079705  ,5.3
7468,WK079706  ,6.2
7470,WK079707  ,8
7472,WK079708  ,6.1
7474,WK079709  ,7.1
7476,WK079710  ,6.4
7478,WK079711  ,5.6
7508,WK079800  ,6.6
7511,WK079801  ,9.9
7514,WK079802  ,7.1
7517,WK079803  ,10
7521,WK079804  ,10.8
9333,WK080910  ,5.9
9348,WK080920  ,4.6
9358,WK080930  ,6.8
9367,WK080940  ,8.3
10068,WK081509  ,13
10078,WK081510  ,11
10081,WK081512  ,14.5
10084,WK081515  ,10.6
10732,WK082000  ,5.6
10739,WK082001  ,6.4
10742,WK082002  ,5.7
10795,WK082300  ,11.8
10804,WK082301  ,10
10807,WK082302  ,15.3
10811,WK082303  ,15
10815,WK082401  ,3.7
10817,WK082402  ,1.3
10820,WK082403  ,2.4
10822,WK082404  ,3.8
10825,WK082405  ,5.8
10827,WK082406  ,2.2
10829,WK082407  ,3.8
10831,WK082408  ,1
10835,WK082409  ,1.1
10840,WK082410  ,2.5
10842,WK082411  ,2.3
10846,WK082412  ,1.7
10848,WK082413  ,1.1
10851,WK082414  ,6.1
10853,WK082415  ,6.2
11127,WK082600  ,1.1
11129,WK082601  ,1.9
11133,WK082602  ,2.1
11136,WK082603  ,1.2
11139,WK082604  ,0.9
11142,WK082605  ,3.5
11149,WK082606  ,1.9
11158,WK082607  ,3.5
11163,WK082608  ,3.8
11166,WK082609  ,2.2
11170,WK082610  ,5
11173,WK082611  ,5.5
11176,WK082612  ,3.9
11180,WK082613  ,5.4
11277,WK082800  ,1.6
11281,WK082801  ,2.3
11289,WK082802  ,2.7
11293,WK082803  ,1
11302,WK082804  ,2.9
11308,WK082805  ,3.5
11313,WK082806  ,2
11324,WK082807  ,2.8
11335,WK082808  ,3.9
11340,WK082809  ,2.8
11346,WK082810  ,4.5
11352,WK082811  ,8.1
11356,WK082812  ,6.3
11360,WK082813  ,8.7
11364,WK082814  ,12
11370,WK082815  ,9.9
11374,WK082816  ,13.4
11378,WK082817  ,10.9
11384,WK082818  ,9.6
11387,WK082819  ,7.4
11392,WK082820  ,8.6
11395,WK082821  ,10.4
11401,WK082822  ,5.4
12336,WK084000  ,7.6
12339,WK084001  ,6.6
12342,WK084002  ,6.7
12346,WK084003  ,11.1
12349,WK084004  ,4.7
12583,WK084500  ,6.9
12591,WK084501  ,5.1
12595,WK084502  ,7.3
12601,WK084503  ,5.5
12607,WK084504  ,7.4
12819,WK084700  ,4.7
12823,WK084701  ,6.1
12827,WK084702  ,8
12831,WK084703  ,9.4
12834,WK084709  ,4.1
12837,WK084800  ,8
12843,WK084801  ,8.7
12925,WK085100  ,1.4
12934,WK085101  ,7.7
12937,WK085102  ,5.1
12940,WK085103  ,7.5
12945,WK085104  ,7.8
15225,WK085200  ,6.1
15236,WK085201  ,3.5
15238,WK085202  ,14.5
15241,WK085203  ,8.3
15245,WK085204  ,5.6
15248,WK085205  ,5.4
13580,WK085510  ,2.9
13585,WK085511  ,2.6
13591,WK085512  ,2.9
13595,WK085513  ,2.3
13598,WK085514  ,1.9
13604,WK085515  ,1.8
13610,WK085516  ,2.5
13615,WK085517  ,3.5
13623,WK085518  ,2.9
13626,WK085519  ,3.2
13629,WK085520  ,3
13633,WK085521  ,2.8
13637,WK085522  ,2.2
13640,WK085523  ,1.5
13646,WK085524  ,2.1
13650,WK085525  ,2.7
13655,WK085526  ,3.5
13661,WK085527  ,2.8
13665,WK085528  ,2.7
13668,WK085529  ,2.9
13676,WK085530  ,3.6
13678,WK085531  ,1.4
13683,WK085532  ,1.2
13693,WK085533  ,3.3
13697,WK085534  ,3.8
13700,WK085535  ,4.5
13705,WK085536  ,3.5
13709,WK085537  ,2.7
13717,WK085538  ,1.4
13732,WK085539  ,2.1
13738,WK085540  ,2.5
13742,WK085541  ,3.7
13744,WK085542  ,2.3
13752,WK085543  ,2.7
13761,WK085544  ,3.5
13768,WK085545  ,3.9
13771,WK085546  ,4.3
13773,WK085547  ,3.4
13778,WK085548  ,4
13783,WK085549  ,5.3
13787,WK085550  ,4.8
13789,WK085551  ,4.8
13792,WK085552  ,5.9
13795,WK085553  ,5.3
13800,WK085554  ,5.9
13808,WK085555  ,6.4
13812,WK085556  ,6.7
13816,WK085557  ,7.3
13822,WK085558  ,5.3
13826,WK085559  ,1.9
13832,WK085560  ,3
13840,WK085561  ,5.7
13844,WK085562  ,2.8
13846,WK085563  ,6.3
13851,WK085564  ,4.5
13855,WK085565  ,7.4
13857,WK085566  ,4.6
13878,WK085567  ,5.6
14062,WK085601  ,2.9
14084,WK085602  ,5.8
14088,WK085603  ,9.5
14347,WK085800  ,7.4
14357,WK085801  ,7
14365,WK085802  ,13.5
14487,WK086100  ,2.5
14496,WK086101  ,4.1
14501,WK086102  ,5.1
14972,WK086500  ,4.3
14981,WK086501  ,6.2
14989,WK086502  ,6
15094,WK086600  ,3
15101,WK086700  ,2.1
15116,WK086701  ,4
15122,WK086702  ,8.2
15334,WK087001  ,10.6
15347,WK087002  ,9.3
15352,WK087003  ,10.9
15357,WK087004  ,12.7
15365,WK087005  ,11.4
15896,WK087300  ,8.3
15903,WK087301  ,9.5
15908,WK087302  ,12.1
15913,WK087303  ,17.4
16044,WK087400  ,12.4
16049,WK087401  ,11.2
16054,WK087402  ,14.7
16057,WK087403  ,15.6
16060,WK087404  ,14.1
16063,WK087405  ,14.1
16480,WK087900  ,13.1
16483,WK087901  ,11.5
16486,WK087902  ,16.3
16489,WK087903  ,16.2
16492,WK087904  ,7.8
16012,WK088000  ,5.5
16020,WK088001  ,5
16024,WK088002  ,7.7
11071,WK088100  ,3.4
8474,WK088200  ,5.3
8488,WK088201  ,6.2
8495,WK088202  ,6.4
1997,WK088800  ,5.8
2001,WK088801  ,7.8
2021,WK088900  ,1
2026,WK088901  ,3.6
2154,WK089301  ,13.6
2157,WK089302  ,11.9
2160,WK089303  ,13.9
2164,WK089304  ,9.6
2167,WK089305  ,14.8
2170,WK089306  ,13.5
2174,WK089307  ,16.4
3061,WK089901  ,3.7
3068,WK089902  ,1.7
3080,WK089903  ,0.7
3092,WK089904  ,2.7
3099,WK089905  ,1.7
5338,WK090700  ,10.2
5342,WK090701  ,8.5
5346,WK090702  ,11.2
5349,WK090703  ,6.9
5355,WK090704  ,7.2
6859,WK091710  ,6.3
6862,WK091711  ,5.1
6865,WK091712  ,5.7
6868,WK091713  ,7
6871,WK091714  ,7
6873,WK091720  ,4
6879,WK091721  ,5.1
6882,WK091722  ,4.9
6885,WK091723  ,5
6887,WK091724  ,5.8
6891,WK091730  ,5
6895,WK091731  ,4.1
6900,WK091732  ,4.4
6905,WK091733  ,2.8
6910,WK091734  ,3.6
6912,WK091735  ,5.9
6914,WK091736  ,1.6
6919,WK091737  ,1.9
6922,WK091738  ,1.5
6925,WK091739  ,3.3
6930,WK091740  ,3
6932,WK091741  ,2.9
6937,WK091742  ,4.6
8250,WK092800  ,3
8257,WK092801  ,1.4
8264,WK092802  ,3
9516,WK093500  ,2.2
9524,WK093501  ,2.3
9531,WK093502  ,1.2
9542,WK093503  ,2.4
9548,WK093504  ,1.7
9556,WK093505  ,6.8
9561,WK093506  ,1.5
9665,WK093800  ,4.9
9671,WK093801  ,7.9
9674,WK093802  ,7.3
10228,WK094400  ,8.2
10232,WK094401  ,12
10258,WK094601  ,5.8
10263,WK094602  ,6.5
10266,WK094603  ,9.3
10272,WK094604  ,7.1
10275,WK094605  ,11.3
10763,WK095100  ,9.2
10769,WK095101  ,9.7
10772,WK095102  ,10.5
10776,WK095103  ,9.7
12066,WK095700  ,1.5
12072,WK095701  ,0.6
12075,WK095702  ,2.1
12081,WK095703  ,2
12087,WK095704  ,1.6
12092,WK095705  ,2.5
12094,WK095706  ,4.7
12097,WK095707  ,3.8
12102,WK095708  ,6
12110,WK095709  ,4.5
12468,WK096200  ,5.6
12476,WK096201  ,5.9
12550,WK096500  ,5.6
12556,WK096501  ,8.5
13074,WK097100  ,7.4
13081,WK097101  ,8.2
13085,WK097102  ,6.8
14296,WK098100  ,12.4
14305,WK098101  ,14.8
14582,WK098311  ,2.6
14587,WK098312  ,1.4
14598,WK098313  ,3.3
14607,WK098314  ,3.7
14613,WK098315  ,3.4
14626,WK098316  ,5.1
14634,WK098321  ,3.1
14637,WK098322  ,3.6
14641,WK098323  ,3.7
14646,WK098324  ,4.2
14651,WK098325  ,4.8
14654,WK098326  ,3.9
14658,WK098327  ,5.7
14661,WK098328  ,4.1
14674,WK098331  ,2.7
14680,WK098332  ,4
14688,WK098335  ,4.1
14691,WK098341  ,7.7
14699,WK098343  ,11.2
14703,WK098344  ,12
14708,WK098351  ,4.6
14718,WK098401  ,3.5
14720,WK098402  ,7.5
14722,WK098403  ,2.7
14724,WK098404  ,8.3
14726,WK098405  ,6.5
14728,WK098406  ,4.8
14730,WK098407  ,6.7
14732,WK098408  ,5.4
14734,WK098409  ,6.7
14736,WK098410  ,3.5
14738,WK098411  ,1.4
14740,WK098412  ,1.9
14744,WK098413  ,1.2
14748,WK098414  ,0.8
14750,WK098415  ,1.7
14753,WK098416  ,3.3
14756,WK098417  ,3
14761,WK098418  ,2.3
14763,WK098419  ,1.8
14765,WK098420  ,3
14767,WK098421  ,9.1
14769,WK098422  ,8
14771,WK098423  ,11.2
14899,WK098601  ,5.2
14902,WK098602  ,4.2
14906,WK098603  ,3.5
14910,WK098604  ,8.1
14917,WK098605  ,7.8
14919,WK098609  ,7
15251,WK098801  ,2.9
15257,WK098802  ,3.2
15263,WK098803  ,1.8
15267,WK098811  ,0.7
15270,WK098812  ,0.8
15272,WK098813  ,1
15275,WK098814  ,1.4
15278,WK098821  ,1.9
15281,WK098822  ,1.8
15284,WK098823  ,1.9
15286,WK098824  ,2
15290,WK098825  ,2.7
15293,WK098831  ,5.3
15296,WK098832  ,5.4
15299,WK098833  ,5.4
15302,WK098834  ,7.5
14308,WK099400  ,8.3
14318,WK099401  ,5.9
14324,WK099402  ,9.8
14332,WK099403  ,7.8
14336,WK099404  ,4.7
14344,WK099405  ,9.7
8936,WK099511  ,3.1
8944,WK099512  ,2.6
8951,WK099513  ,6
8954,WK099516  ,2.5
8958,WK099517  ,4.5
8964,WK099518  ,6.4
8968,WK099521  ,3.4
8974,WK099522  ,2
8983,WK099523  ,3.4
8992,WK099524  ,1.6
8999,WK099525  ,6.4
9002,WK099527  ,5.8
9007,WK099531  ,2.2
9011,WK099532  ,5.4
9013,WK099535  ,5.2
9017,WK099537  ,5.5
9020,WK099538  ,3.6
9023,WK099541  ,1.7
9032,WK099542  ,2.2
9040,WK099543  ,3.4
9045,WK099547  ,
9048,WK099551  ,3.4
9052,WK099552  ,3.8
9055,WK099553  ,2.5
9060,WK099554  ,
9062,WK099556  ,
9064,WK099557  ,
9066,WK099558  ,4.5
9069,WK099561  ,
9072,WK099562  ,1.8
9076,WK099563  ,1.2
9081,WK099566  ,0.7
9088,WK099571  ,12.2
9092,WK099572  ,9.2
9094,WK099573  ,8.4
9096,WK099574  ,8.4
9100,WK099575  ,9.1
9103,WK099576  ,12
9105,WK099577  ,11.8
9108,WK099578  ,
9111,WK099579  ,
9113,WK099590  ,
7845,WK150700  ,7.8
7848,WK150701  ,5.6
7853,WK150702  ,2.4
7856,WK150703  ,1.9
7859,WK150704  ,1.2
7872,WK150705  ,3.7
7875,WK150706  ,10.5
7878,WK150707  ,8.3
7881,WK150708  ,8.5
7888,WK150709  ,9.6
7891,WK150710  ,5.4
7895,WK150711  ,6.3
7898,WK150712  ,9.6
7901,WK150713  ,8.6
7904,WK150714  ,6.6
7907,WK150715  ,7.8
11422,WK150900  ,9
11431,WK150901  ,11.5
11442,WK150902  ,6.7
11449,WK150903  ,2.3
13504,WK152500  ,1
13507,WK152501  ,3.7
13514,WK152502  ,3.6
14258,WK158100  ,1.5
14267,WK158101  ,5.5
14278,WK158102  ,6.2
14284,WK158103  ,8
14289,WK158104  ,5.5
11078,WK158601  ,1.2
11095,WK158602  ,4.8
11098,WK158603  ,5.1
11101,WK158604  ,3.6
11104,WK158605  ,3.5
11107,WK158606  ,1.2
11123,WK158607  ,8.7
8272,WK159800  ,6.8
8276,WK159801  ,8.7
8278,WK159802  ,7.4
8280,WK159803  ,7
8285,WK159804  ,8.2
8289,WK159805  ,9.6
8291,WK159806  ,6.4
8295,WK159807  ,6.2
8524,WK162111  ,1.4
8527,WK162112  ,1
8531,WK162113  ,1
8535,WK162114  ,2.7
8537,WK162115  ,3.4
8543,WK162121  ,0.7
8548,WK162122  ,1.6
8554,WK162123  ,1
8558,WK162124  ,3.2
8560,WK162125  ,1.9
8565,WK162126  ,1.8
8570,WK162127  ,1.6
8575,WK162128  ,3.3
8582,WK162131  ,4.7
8588,WK162132  ,5.3
8595,WK162133  ,5.5
9116,WK164000  ,11.8
9119,WK164001  ,7.2
9122,WK164002  ,9.3
9125,WK164003  ,8.4
9128,WK164004  ,10.1
9131,WK164005  ,8.8
9134,WK164006  ,9.6
9137,WK164007  ,6
9140,WK164008  ,10
9143,WK164009  ,9.7
9146,WK164010  ,12.1
9149,WK164011  ,7.9
9152,WK164012  ,10.3
9155,WK164013  ,11.3
9158,WK164014  ,14
9161,WK164015  ,13.3
9463,WK164100  ,5.2
9467,WK164101  ,6.7
9470,WK164102  ,6.4
9473,WK164103  ,4.7
9476,WK164104  ,11.6
9479,WK164105  ,9.5
9483,WK164106  ,7.5
9485,WK164107  ,8.8
4536,WK165100  ,22.7
4541,WK165101  ,17.6
4552,WK165102  ,20.6
4561,WK165103  ,25.1
4565,WK165104  ,21.9
5306,WK165200  ,1.2
5315,WK165201  ,4
5319,WK165202  ,3.5
5323,WK165203  ,7.5
5326,WK165204  ,6.1
5330,WK165205  ,5
5334,WK165206  ,10.5
6415,WK165501  ,5.7
6419,WK165502  ,7.4
6422,WK165503  ,1.3
6431,WK165504  ,5.2
6437,WK165505  ,4
6940,WK165800  ,5
6944,WK165801  ,9.1
6949,WK165802  ,9.5
6952,WK165803  ,9.7
8436,WK165900  ,5.7
8442,WK165901  ,4
8448,WK165902  ,7.3
8452,WK165903  ,9.9
9568,WK166300  ,29.1
9578,WK166301  ,24.6
9587,WK166302  ,22.6
9594,WK166303  ,28.6
11834,WK166700  ,20.9
11840,WK166701  ,18.6
11843,WK166702  ,15.9
11846,WK166703  ,18.8
12035,WK166901  ,6.8
12038,WK166902  ,6.4
12044,WK166903  ,4.7
12047,WK166904  ,9.3
12053,WK166905  ,7.6
12058,WK166906  ,11
12147,WK167400  ,2.4
12152,WK167401  ,3.3
12156,WK167402  ,3.7
12161,WK167403  ,1.9
12167,WK167404  ,3.3
12175,WK167405  ,4.6
12180,WK167406  ,5.5
12186,WK167407  ,2
12194,WK167408  ,3.5
12200,WK167410  ,6.6
12203,WK167411  ,5.8
12207,WK167412  ,6.9
12210,WK167413  ,6.9
12213,WK167414  ,6.3
12482,WK167600  ,1.6
12491,WK167601  ,8.8
12494,WK167602  ,7.9
12497,WK167603  ,6.4
12500,WK167604  ,4.5
12504,WK167605  ,13.4
12508,WK167606  ,6.5
12511,WK167607  ,9.3
12516,WK167608  ,6.6
12519,WK167609  ,11.9
12522,WK167610  ,5.6
12525,WK167611  ,13
12528,WK167612  ,16.5
12537,WK167613  ,15.4
12543,WK167614  ,13.3
12546,WK167615  ,10.7
2,WK168000  ,13.2
5,WK168001  ,15.1
8,WK168002  ,11.4
11,WK168003  ,8.5
14,WK168004  ,11.1
17,WK168005  ,12.8
20,WK168006  ,10.1
23,WK168007  ,8.7
26,WK168008  ,9.8
29,WK168009  ,9.2
32,WK168011  ,7.8
35,WK168012  ,7.6
38,WK168013  ,12.2
41,WK168014  ,10.6
45,WK168015  ,6.2
49,WK168016  ,2.3
53,WK168017  ,13.7
56,WK168018  ,8.3
61,WK168019  ,8.1
68,WK168020  ,13.1
73,WK168021  ,6.6
2687,WK168100  ,16.1
2693,WK168101  ,13.3
2696,WK168102  ,12.2
2699,WK168103  ,12.7
2702,WK168104  ,10.7
2704,WK168105  ,8.4
2707,WK168106  ,4.1
2710,WK168107  ,6.4
2713,WK168108  ,11.7
2716,WK168109  ,16.5
2722,WK168110  ,9.6
2725,WK168111  ,13.1
2728,WK168112  ,8.3
2731,WK168113  ,7.4
2734,WK168114  ,12.2
2737,WK168115  ,14.1
2742,WK168116  ,12.8
3417,WK168401  ,15
3420,WK168402  ,12.7
3424,WK168403  ,10.7
3427,WK168404  ,12.7
3430,WK168406  ,11.1
3438,WK168411  ,7.7
3441,WK168414  ,7.2
8456,WK168500  ,8.9
8461,WK168501  ,11.6
8464,WK168502  ,6.5
8471,WK168509  ,9.5
15957,WK169000  ,7.6
15960,WK169001  ,7.2
15963,WK169002  ,7.1
15966,WK169003  ,5.3
15969,WK169004  ,8.9
15972,WK169005  ,12
15975,WK169006  ,10.3
15978,WK169007  ,6.4
15981,WK169008  ,11
15988,WK169009  ,8.8
15991,WK169010  ,13.7
15994,WK169011  ,6.4
16002,WK169012  ,8.6
16008,WK169013  ,6.6
10587,WK169500  ,15.1
10591,WK169501  ,13
10594,WK169502  ,12.7
10597,WK169503  ,18.1
10601,WK169504  ,19.7
10604,WK169505  ,17.8
15803,WK169600  ,6.7
15805,WK169601  ,7.5
15810,WK169602  ,7.8
15814,WK169603  ,8.3
15816,WK169604  ,6.4
15820,WK169605  ,10.6
15822,WK169606  ,8.5
10608,WK169900  ,13.3
10619,WK169901  ,14.5
10625,WK169903  ,14.3
10636,WK169904  ,15.3
10643,WK169906  ,8.3
13920,WK170000  ,6.2
13930,WK170001  ,5.6
13936,WK170002  ,1.2
13942,WK170003  ,9.7
13949,WK170004  ,5.1
15395,WK170100  ,18
15399,WK170101  ,14.2
15402,WK170102  ,19.7
15405,WK170103  ,19.4
15411,WK170104  ,17.7
15415,WK170105  ,20.6
15418,WK170106  ,21.6
15422,WK170107  ,20.3
15425,WK170108  ,9.2
15430,WK170109  ,13
15433,WK170110  ,10.2
15438,WK170111  ,10
15441,WK170112  ,8.3
15444,WK170113  ,6.5
15447,WK170114  ,12
15450,WK170115  ,9.1
15453,WK170116  ,14.9
15456,WK170117  ,16.3
12562,WK170200  ,8.3
12567,WK170201  ,10.6
12570,WK170202  ,11.5
12573,WK170203  ,10.1
12576,WK170204  ,10.4
12579,WK170205  ,12.2
9217,WK170500  ,6.7
9230,WK170501  ,10.8
9238,WK170502  ,4.7
3378,WK170600  ,1.3
3384,WK170601  ,1.8
3388,WK170602  ,3.4
3392,WK170603  ,7.4
3398,WK170604  ,5
3401,WK170605  ,3.2
12949,WK170800  ,1.4
12966,WK170802  ,11.1
12970,WK170803  ,12.3
12973,WK170804  ,12.8
12977,WK170805  ,15.4
12981,WK170806  ,8.8
12985,WK170807  ,16.4
12990,WK170808  ,18.4
12998,WK170810  ,14.3
13001,WK170811  ,9.6
13010,WK170816  ,14.6
13015,WK170817  ,8.6
13024,WK170818  ,2.3
13027,WK170819  ,4
13030,WK170820  ,4.7
13033,WK170821  ,4.1
13036,WK170822  ,3.2
13038,WK170823  ,4.6
13040,WK170824  ,3.6
13043,WK170825  ,5.8
13045,WK170826  ,6.2
13048,WK170827  ,5.6
13050,WK170828  ,2.1
13053,WK170829  ,4.5
13056,WK170830  ,6.6
13059,WK170831  ,8.8
13061,WK170832  ,12.1
13063,WK170833  ,15.4
13066,WK170834  ,11.1
13069,WK170835  ,13.2
13071,WK170836  ,14.6
10088,WK170900  ,10.9
10098,WK170901  ,15.1
10101,WK170902  ,11.4
10104,WK170903  ,11.6
10110,WK170904  ,13.3
10114,WK170905  ,8.2
10117,WK170906  ,4.4
10121,WK170907  ,9.5
10127,WK170908  ,11.5
10130,WK170909  ,15.5
10135,WK170910  ,14.3
4328,WK171101  ,5
4338,WK171102  ,4.3
4341,WK171103  ,4.5
4345,WK171104  ,6.5
4353,WK171105  ,0.8
4369,WK171106  ,7.5
4373,WK171107  ,1.4
4380,WK171108  ,2.1
4383,WK171109  ,7
4387,WK171110  ,2.8
4390,WK171111  ,8.5
12696,WK171400  ,9.1
12700,WK171401  ,8.7
12703,WK171402  ,8.5
12706,WK171403  ,10.8
12709,WK171404  ,7.4
12712,WK171405  ,1.4
12715,WK171406  ,3.4
12718,WK171407  ,8.2
12722,WK171408  ,7.3
12726,WK171409  ,7.9
12729,WK171410  ,11.4
12732,WK171411  ,14.3
12737,WK171412  ,11.6
12740,WK171413  ,6.7
12743,WK171414  ,6.4
4209,WK171900  ,8.2
4213,WK171901  ,9.8
4217,WK171902  ,8.7
4221,WK171903  ,10.9
4224,WK171904  ,16
4228,WK171905  ,12.4
2309,WK172101  ,4.1
2330,WK172102  ,10.6
2342,WK172103  ,5.1
2353,WK172104  ,6.1
2357,WK172105  ,8.9
2364,WK172106  ,5
5094,WK172200  ,20.4
5102,WK172201  ,16.1
5105,WK172202  ,18.1
595,WK172300  ,13.8
599,WK172301  ,11.8
603,WK172302  ,8.4
607,WK172308  ,6.7
609,WK172309  ,6.7
2087,WK172400  ,13
2105,WK172401  ,16.7
2107,WK172402  ,17.6
2119,WK172403  ,8.1
2126,WK172404  ,10.6
2136,WK172405  ,14.6
2142,WK172406  ,13.9
2554,WK172800  ,16.9
2559,WK172801  ,16.9
2562,WK172802  ,14
2567,WK172803  ,12
2571,WK172804  ,14.3
6075,WK172900  ,10.9
6081,WK172901  ,8.5
6087,WK172902  ,6.5
6092,WK172903  ,9
6097,WK172904  ,10.7
6102,WK172905  ,13.6
6106,WK172906  ,14.1
13959,WK173000  ,13.6
13963,WK173001  ,12.3
13966,WK173002  ,11.1
13969,WK173003  ,10.7
13972,WK173004  ,13.3
13977,WK173005  ,14.9
13980,WK173006  ,6.1
13983,WK173007  ,7.4
13987,WK173008  ,2.7
13990,WK173009  ,7.7
13993,WK173010  ,11.1
13996,WK173011  ,10.6
14001,WK173012  ,10.1
14006,WK173013  ,10.2
14009,WK173014  ,9.5
14016,WK173015  ,5.8
9889,WK173100  ,15.1
9895,WK173101  ,13.1
9899,WK173102  ,8
9903,WK173103  ,13.3
9906,WK173104  ,12.8
9909,WK173105  ,11.7
9912,WK173106  ,11.2
9917,WK173107  ,7.4
9922,WK173108  ,17
9927,WK173109  ,17.8
9931,WK173110  ,16.1
9935,WK173111  ,19.5
9938,WK173112  ,13.3
9941,WK173113  ,11
9943,WK173114  ,14.2
9946,WK173115  ,19.9
9949,WK173116  ,17
11491,WK173400  ,5
11499,WK173401  ,6.8
11509,WK173402  ,8.2
11521,WK173403  ,3
11525,WK173404  ,6.2
7578,WK173500  ,1
7589,WK173501  ,2.2
7594,WK173502  ,6.9
7600,WK173503  ,3.1
7602,WK173504  ,4.8
7606,WK173505  ,4.9
7611,WK173506  ,4.9
7622,WK173507  ,6.2
7625,WK173508  ,6
7632,WK173509  ,7.7
10236,WK174000  ,9.3
10243,WK174001  ,9.1
10252,WK174002  ,10.6
11947,WK174200  ,0.9
11952,WK174201  ,1.8
11959,WK174202  ,3.2
11963,WK174203  ,8
11972,WK174204  ,9.1
11975,WK174205  ,9.9
11986,WK174207  ,2.7
11988,WK174208  ,6.7
5292,WK177100  ,1.5
5302,WK177101  ,5.3
10977,WK177301  ,9.3
10983,WK177302  ,9.6
10988,WK177303  ,9.4
10991,WK177304  ,10.6
10994,WK177305  ,9.7
10997,WK177306  ,8.9
10999,WK177307  ,10.8
11002,WK177308  ,9.1
11004,WK177309  ,7
11006,WK177310  ,8.9
11008,WK177311  ,11.6
11010,WK177312  ,11.3
3787,WK177410  ,9.6
3799,WK177411  ,7.1
3803,WK177412  ,4.2
3806,WK177413  ,3
3809,WK177414  ,10.1
3812,WK177415  ,0.9
3823,WK177416  ,7.7
3831,WK177417  ,5.7
3834,WK177418  ,9.9
3837,WK177419  ,7.1
3840,WK177420  ,2.7
3842,WK177421  ,2
15537,WK178301  ,1.3
15549,WK178302  ,3.3
15557,WK178303  ,4.1
15562,WK178304  ,1.3
15576,WK178305  ,4
15587,WK178306  ,5.1
15597,WK178307  ,4.6
15606,WK178308  ,4.4
15610,WK178309  ,5
15618,WK178310  ,4
9873,WK184200  ,2.6
9881,WK184201  ,3.6
2267,WK185900  ,9
2278,WK185901  ,1.7
2289,WK185902  ,5
2294,WK185903  ,6.1
2301,WK185904  ,9.1
2964,WK187600  ,9.5
2974,WK187601  ,6.8
2981,WK187602  ,7.8
2990,WK187603  ,7.6
3002,WK187604  ,7.2
12612,WK188300  ,3.9
12615,WK188301  ,2.2
12621,WK188302  ,4.3
12630,WK188303  ,3.4
12633,WK188304  ,4.6
12637,WK188305  ,2.5
12645,WK188306  ,8.1
12653,WK188307  ,10
8113,WK188400  ,9.3
8119,WK188401  ,7.2
8126,WK188402  ,4.6
8134,WK188403  ,6.7
8137,WK188404  ,8.4
3495,WK189100  ,21.4
3501,WK189101  ,24.6
3506,WK189102  ,19.4
3512,WK189103  ,19.8
16422,WK189201  ,7.9
16431,WK189202  ,4.8
16446,WK189203  ,5.5
16459,WK189204  ,1.3
11539,WK189400  ,5.3
11544,WK189401  ,2.2
11554,WK189402  ,4.4
11560,WK189403  ,8
11564,WK189404  ,6.9
11570,WK189405  ,7.8
10856,WK189500  ,1.4
10867,WK189501  ,7.8
10873,WK189502  ,14.2
10876,WK189503  ,6.5
10881,WK189504  ,11.1
10883,WK189505  ,14.6
10887,WK189506  ,5
10894,WK189507  ,4.3
10898,WK189508  ,10.5
10904,WK189509  ,7.1
10913,WK189510  ,12.9
16535,WK189600  ,14
16545,WK189601  ,9.9
16550,WK189602  ,12.9
16559,WK189603  ,10.6
16562,WK189604  ,14.3
16573,WK189605  ,10.7
13216,WK190000  ,10.1
13223,WK190001  ,2.8
13244,WK190002  ,21.8
13250,WK190003  ,22.3
13256,WK190004  ,24
13263,WK190005  ,4.3
13268,WK190006  ,10.3
13275,WK190007  ,6
13282,WK190008  ,13.1
13289,WK190009  ,8.2
13300,WK190010  ,5.6
13307,WK190011  ,6
13312,WK190012  ,13.4
13320,WK190013  ,8
13329,WK190014  ,12.4
13340,WK190015  ,10.9
13346,WK190016  ,14.2
13355,WK190017  ,15
13358,WK190018  ,18.5
13366,WK190019  ,10.8
13372,WK190020  ,11.8
2614,WK190101  ,0.9
2619,WK190102  ,1.1
2621,WK190103  ,1.9
2629,WK190104  ,5
2631,WK190105  ,5.7
2633,WK190106  ,5.1
2641,WK190107  ,4.1
2651,WK190108  ,8.4
2656,WK190109  ,6.5
4600,WK190300  ,6.9
4608,WK190301  ,3.9
4611,WK190302  ,8.2
4618,WK190303  ,3.8
4625,WK190304  ,6.8
4632,WK190305  ,10.6
13091,WK190401  ,6.2
13111,WK190402  ,10.9
13128,WK190403  ,12.7
13141,WK190404  ,9.8
13144,WK190405  ,10.2
13154,WK190406  ,11.3
13159,WK190407  ,7.4
13163,WK190408  ,5.1
13169,WK190409  ,13.3
13177,WK190410  ,10.4
13182,WK190411  ,5.3
13184,WK190412  ,5.3
7637,WK191100  ,9.7
7643,WK191101  ,9.7
7650,WK191102  ,6.9
7656,WK191103  ,5.5
7662,WK191104  ,22.1
7673,WK191105  ,19.1
7683,WK191106  ,11.7
7689,WK191107  ,9.1
8894,WK191601  ,1.1
8900,WK191602  ,1.6
8903,WK191603  ,2.1
8906,WK191604  ,4.9
8909,WK191605  ,2.5
8914,WK191606  ,0.8
8917,WK191607  ,1.7
8922,WK191608  ,1.6
8925,WK191609  ,1.4
8928,WK191610  ,0.5
8930,WK191611  ,1.1
8932,WK191612  ,0.6
5409,WK192400  ,12.8
5413,WK192401  ,16.3
5423,WK192402  ,9.3
5429,WK192403  ,5.6
5437,WK192404  ,19.2
5441,WK192405  ,15.2
5444,WK192406  ,11.8
5451,WK192407  ,0.9
5457,WK192408  ,4.1
5460,WK192409  ,5.9
5464,WK192410  ,4.4
5471,WK192411  ,7.3
5475,WK192412  ,11.3
5478,WK192413  ,17
11586,WK192601  ,4.5
11600,WK192602  ,1.6
11610,WK192603  ,5
10139,WK192700  ,9.6
10145,WK192701  ,7.8
10148,WK192702  ,9.6
10152,WK192703  ,7.2
10155,WK192704  ,9.1
10158,WK192705  ,8.6
10161,WK192706  ,8.9
10164,WK192707  ,4.4
10166,WK192708  ,4.6
10171,WK192709  ,3.9
10175,WK192710  ,3
10177,WK192711  ,10.1
10474,WK193001  ,1
10481,WK193002  ,2.6
10484,WK193003  ,2.2
10487,WK193004  ,1.8
10489,WK193005  ,1.9
10494,WK193006  ,0.3
10498,WK193007  ,1.3
10502,WK193008  ,1.5
10508,WK193009  ,1.3
10514,WK193010  ,1
10519,WK193011  ,3
10522,WK193012  ,2.4
10529,WK193013  ,3.2
10531,WK193014  ,2.2
10543,WK193015  ,3.3
10550,WK193016  ,
10552,WK193017  ,3.9
10561,WK193025  ,7.4
10566,WK193027  ,6.6
10570,WK193029  ,8.4
10573,WK193031  ,8.2
10579,WK193033  ,5.5
10582,WK193050  ,3.3
8355,WK193100  ,9.3
8368,WK193101  ,5.1
8379,WK193102  ,5.5
8383,WK193103  ,5.9
8385,WK193104  ,5.7
8392,WK193105  ,5.3
8398,WK193106  ,4.3
8400,WK193107  ,10.7
8403,WK193108  ,6.7
8415,WK193110  ,7.8
8425,WK193111  ,4.6
8428,WK193112  ,1.1
5116,WK194001  ,12.3
5118,WK194002  ,19.5
5120,WK194003  ,10.7
5122,WK194004  ,8.1
5124,WK194005  ,12.5
5126,WK194006  ,11.9
5128,WK194007  ,11.4
5131,WK194008  ,14.6
5133,WK194009  ,8
5135,WK194010  ,8.6
5137,WK194011  ,10.2
5140,WK194012  ,3.4
5142,WK194013  ,16.1
5144,WK194014  ,5.9
5146,WK194015  ,14.5
5148,WK194016  ,12.7
5150,WK194017  ,7.1
5152,WK194018  ,12.8
5154,WK194019  ,9.5
5165,WK194020  ,17.2
5167,WK194021  ,13.6
5169,WK194022  ,13.5
5171,WK194023  ,1.5
5180,WK194024  ,18.8
5182,WK194025  ,2.1
5184,WK194026  ,10.5
5186,WK194027  ,11.1
5188,WK194028  ,6.8
5191,WK194029  ,16.3
5193,WK194030  ,4
5195,WK194031  ,13.3
5197,WK194032  ,9.1
5199,WK194033  ,10.1
5201,WK194034  ,16.6
5203,WK194035  ,10
5205,WK194036  ,7.5
5207,WK194037  ,8.4
5209,WK194038  ,4.6
5211,WK194039  ,10.3
5213,WK194040  ,11.5
5215,WK194041  ,11.3
5217,WK194042  ,7.3
5219,WK194043  ,10
5221,WK194044  ,11.3
5223,WK194045  ,8
5225,WK194046  ,16.7
5227,WK194047  ,13.8
5229,WK194048  ,14.8
5231,WK194049  ,10.7
5233,WK194050  ,8
5235,WK194051  ,8.6
5571,WK194200  ,3.6
5581,WK194201  ,3.5
5587,WK194202  ,2.5
5598,WK194203  ,4.7
5606,WK194204  ,5.1
5615,WK194205  ,5.2
2032,WK194500  ,6.2
2037,WK194501  ,5
2041,WK194502  ,11.3
2044,WK194503  ,11.6
2047,WK194504  ,10.6
2049,WK194505  ,9.1
2062,WK194506  ,3.2
2065,WK194507  ,15.1
2068,WK194508  ,12.4
2072,WK194509  ,17.8
2078,WK194510  ,9.1
2082,WK194511  ,8.5
2084,WK194512  ,4.6
9683,WK194801  ,8.2
9697,WK194802  ,10
9727,WK194803  ,11.4
9746,WK194804  ,9.1
14993,WK194900  ,18.2
15002,WK194901  ,16.1
15009,WK194902  ,18.3
15012,WK194903  ,10.2
15023,WK194904  ,13.7
15032,WK194905  ,14.4
15040,WK194906  ,8.9
15047,WK194907  ,9.4
15054,WK194908  ,10.3
15059,WK194909  ,15.1
15065,WK194910  ,14.9
15068,WK194911  ,13.1
15075,WK194912  ,7.3
15083,WK194913  ,14.5
15087,WK194914  ,11.1
15467,WK195000  ,12.1
15477,WK195001  ,14.2
15482,WK195002  ,7.5
15492,WK195003  ,20.6
15499,WK195004  ,15
15506,WK195005  ,18.9
15514,WK195006  ,15.9
15519,WK195007  ,16.5
15530,WK195008  ,18.6
15533,WK195009  ,15.3
9955,WK195201  ,11.8
9963,WK195202  ,12.1
9974,WK195203  ,10.7
9981,WK195204  ,10.3
9991,WK195205  ,7.8
9994,WK195206  ,14.2
9999,WK195207  ,12.1
10002,WK195208  ,8.3
10008,WK195209  ,10.7
10016,WK195210  ,13.3
10021,WK195211  ,13.8
10025,WK195212  ,15.9
10029,WK195213  ,16.3
10033,WK195214  ,14.1
10036,WK195215  ,12.6
10040,WK195216  ,11.9
10045,WK195217  ,9.8
10048,WK195218  ,4
10055,WK195219  ,11.7
10058,WK195220  ,7.7
10064,WK195221  ,6.6
10181,WK195500  ,9.6
10193,WK195501  ,8.7
10201,WK195502  ,5.6
