ID,WijkenEnBuurten,AantalInwoners_5
14,WK000300XX,12130
54,WK000500XX,10550
104,WK000700XX,4290
154,WK000701XX,1040
179,WK000702XX,4170
234,WK000900XX,5800
269,WK000901XX,1470
309,WK001000XX,18570
344,WK001001XX,780
374,WK001002XX,3910
414,WK001003XX,4060
459,WK001400XX,16340
489,WK001401XX,22700
529,WK001402XX,22980
574,WK001403XX,16490
599,WK001404XX,10710
629,WK001405XX,7820
669,WK001406XX,22970
724,WK001407XX,15110
764,WK001408XX,14640
809,WK001409XX,32730
864,WK001500XX,5330
904,WK001501XX,1200
919,WK001502XX,2870
944,WK001503XX,2810
969,WK001700XX,16880
1004,WK001701XX,1820
1054,WK001801XX,6320
1094,WK001802XX,12420
1149,WK001803XX,2780
1184,WK001805XX,930
1199,WK001806XX,1710
1234,WK001807XX,1000
1249,WK001808XX,870
1274,WK001809XX,30
1284,WK001811XX,8350
1339,WK002200XX,10000
1374,WK002201XX,2820
1414,WK002202XX,4800
1434,WK002204XX,420
1454,WK002205XX,190
1469,WK002206XX,680
1484,WK002207XX,380
1504,WK002400XX,3930
1544,WK002401XX,1740
1569,WK002402XX,2790
1599,WK002403XX,2240
1644,WK002500XX,7930
1694,WK002501XX,2290
1734,WK003401XX,22370
1814,WK003402XX,106080
1939,WK003403XX,53350
2054,WK003404XX,140
2069,WK003405XX,1320
2089,WK003406XX,0
2104,WK003701XX,20160
2174,WK003702XX,7740
2199,WK003703XX,3040
2224,WK003704XX,1590
2249,WK003705XX,1280
2269,WK003900XX,6600
2304,WK003901XX,1620
2324,WK003902XX,650
2354,WK003903XX,3900
2399,WK003904XX,1470
2424,WK004000XX,4820
2474,WK004001XX,2230
2504,WK004002XX,3890
2539,WK004003XX,3980
2574,WK004004XX,630
2594,WK004700XX,20330
2639,WK004701XX,2190
2664,WK004702XX,5540
2699,WK004800XX,1900
2734,WK004801XX,2630
2769,WK004802XX,1220
2809,WK004803XX,760
2834,WK004804XX,8630
2889,WK004805XX,340
2904,WK004806XX,840
2924,WK005000XX,20290
2984,WK005100XX,12960
3039,WK005101XX,2620
3069,WK005102XX,1370
3114,WK005103XX,2360
3159,WK005104XX,4350
3209,WK005105XX,500
3229,WK005106XX,2940
3279,WK005200XX,18360
3339,WK005300XX,7620
3374,WK005301XX,1600
3399,WK005302XX,2790
3434,WK005303XX,1920
3469,WK005500XX,19270
3719,WK005600XX,9020
3749,WK005601XX,4020
3779,WK005602XX,2280
3814,WK005603XX,3050
3844,WK005800XX,13000
3904,WK005801XX,1800
3954,WK005802XX,1460
3984,WK005803XX,1770
4024,WK005804XX,1190
4049,WK005805XX,2390
4094,WK005806XX,2340
4139,WK005807XX,740
4179,WK005900XX,12170
4234,WK005901XX,3410
4269,WK005902XX,12510
4319,WK006000XX,3460
4364,WK006300XX,7300
4409,WK006301XX,1780
4444,WK006302XX,1850
4464,WK006400XX,9730
4504,WK006500XX,7090
4534,WK006501XX,2050
4559,WK006502XX,9080
4589,WK006503XX,1180
4614,WK007000XX,9550
4669,WK007001XX,2540
4714,WK007002XX,1000
4754,WK007003XX,2090
4789,WK007004XX,2170
4824,WK007005XX,3190
4854,WK007200XX,14370
4909,WK007201XX,680
4924,WK007202XX,510
4944,WK007401XX,30480
5034,WK007402XX,1390
5044,WK007403XX,850
5054,WK007404XX,3350
5069,WK007405XX,1550
5079,WK007406XX,810
5089,WK007407XX,650
5099,WK007408XX,280
5109,WK007409XX,360
5119,WK007410XX,160
5129,WK007411XX,800
5139,WK007412XX,1040
5149,WK007413XX,430
5159,WK007414XX,700
5169,WK007415XX,170
5184,WK007900XX,5680
5199,WK007901XX,1830
5249,WK007902XX,1820
5279,WK007903XX,3760
5309,WK008010XX,4450
5354,WK008020XX,2480
5374,WK008021XX,6630
5394,WK008022XX,3030
5409,WK008023XX,780
5429,WK008030XX,3310
5444,WK008031XX,4400
5464,WK008032XX,4630
5489,WK008033XX,1580
5504,WK008034XX,1870
5514,WK008035XX,2030
5529,WK008036XX,11160
5549,WK008037XX,110
5564,WK008038XX,80
5574,WK008040XX,2340
5584,WK008041XX,960
5594,WK008042XX,540
5604,WK008043XX,2430
5629,WK008044XX,6880
5654,WK008045XX,6830
5674,WK008046XX,3690
5684,WK008050XX,5490
5719,WK008051XX,1260
5739,WK008052XX,600
5759,WK008053XX,2550
5779,WK008054XX,80
5794,WK008060XX,90
5824,WK008061XX,3920
5839,WK008062XX,3230
5854,WK008063XX,1420
5869,WK008064XX,3980
5879,WK008065XX,40
5894,WK008100XX,8480
5934,WK008101XX,1900
5974,WK008200XX,10000
6019,WK008201XX,3430
6074,WK008300XX,6230
6109,WK008301XX,2690
6149,WK008302XX,2630
6169,WK008303XX,2160
6204,WK008500XX,9980
6224,WK008501XX,2570
6249,WK008502XX,1970
6279,WK008503XX,1840
6304,WK008504XX,4150
6329,WK008505XX,5900
6374,WK008600XX,7220
6389,WK008601XX,3300
6424,WK008602XX,2740
6449,WK008603XX,5870
6489,WK008604XX,6560
6519,WK008605XX,4000
6554,WK008800XX,950
6574,WK009000XX,44180
6669,WK009001XX,10780
6744,WK009100XX,33220
6854,WK009300XX,2430
6869,WK009301XX,1240
6889,WK009302XX,290
6909,WK009303XX,150
6924,WK009304XX,490
6944,WK009305XX,120
6969,WK009600XX,1120
6989,WK009800XX,12420
7004,WK009801XX,1040
7059,WK009802XX,460
7084,WK009803XX,810
7119,WK009804XX,680
7149,WK009805XX,1560
7174,WK009806XX,1390
7209,WK009807XX,1750
7244,WK009808XX,5560
7279,WK010400XX,5220
7309,WK010401XX,3520
7339,WK010402XX,2310
7379,WK010600XX,4890
7429,WK010601XX,11190
7484,WK010602XX,27120
7539,WK010603XX,7720
7599,WK010604XX,4730
7654,WK010605XX,290
7669,WK010606XX,1260
7709,WK010607XX,8300
7729,WK010910XX,14400
7809,WK010911XX,990
7824,WK010912XX,170
7839,WK010913XX,80
7849,WK010914XX,120
7859,WK010920XX,5710
7914,WK010930XX,4330
7964,WK010940XX,6890
8059,WK010950XX,3300
8119,WK011400XX,7520
8159,WK011401XX,3680
8199,WK011402XX,830
8224,WK011403XX,8130
8259,WK011404XX,2020
8289,WK011405XX,2070
8319,WK011406XX,4890
8344,WK011407XX,4920
8379,WK011408XX,11980
8424,WK011409XX,3100
8444,WK011410XX,5030
8479,WK011411XX,47400
8534,WK011412XX,2250
8544,WK011413XX,2230
8564,WK011421XX,1330
8589,WK011432XX,1750
8614,WK011805XX,51380
8804,WK011806XX,3090
8869,WK011900XX,27360
8929,WK011901XX,3840
8964,WK011902XX,340
8984,WK014000XX,3880
9039,WK014001XX,1270
9089,WK014002XX,1180
9104,WK014003XX,2900
9159,WK014004XX,1650
9219,WK014110XX,5200
9244,WK014111XX,6730
9289,WK014112XX,5300
9314,WK014113XX,5830
9344,WK014114XX,6310
9389,WK014115XX,3280
9414,WK014116XX,7040
9449,WK014117XX,3310
9479,WK014118XX,11520
9519,WK014119XX,14430
9579,WK014120XX,1520
9604,WK014121XX,1810
9654,WK014700XX,18950
9714,WK014701XX,1820
9749,WK014800XX,7720
9799,WK014801XX,3060
9839,WK014802XX,1210
9854,WK014803XX,1100
9869,WK014804XX,80
9879,WK014805XX,0
9889,WK014806XX,4540
9919,WK014807XX,9040
9964,WK015000XX,8310
10004,WK015001XX,11760
10039,WK015002XX,10580
10079,WK015003XX,5230
10094,WK015004XX,9900
10124,WK015005XX,4330
10139,WK015006XX,2290
10174,WK015007XX,17730
10234,WK015008XX,9950
10289,WK015009XX,11840
10339,WK015010XX,5420
10369,WK015300XX,22180
10419,WK015301XX,12000
10459,WK015302XX,23230
10509,WK015303XX,9040
10524,WK015304XX,18180
10564,WK015305XX,8790
10589,WK015306XX,35690
10639,WK015307XX,330
10664,WK015308XX,16740
10709,WK015309XX,8600
10764,WK015800XX,17940
10854,WK015801XX,2400
10879,WK015802XX,1170
10894,WK015803XX,1420
10909,WK015804XX,260
10919,WK015805XX,160
10929,WK015806XX,180
10939,WK015809XX,860
10954,WK016000XX,17950
11004,WK016001XX,760
11024,WK016002XX,1300
11044,WK016003XX,1190
11064,WK016004XX,3790
11099,WK016005XX,4610
11129,WK016006XX,2070
11154,WK016007XX,4190
11194,WK016008XX,3580
11224,WK016009XX,2020
11249,WK016010XX,820
11279,WK016011XX,12170
11334,WK016012XX,3760
11404,WK016301XX,4890
11484,WK016302XX,1780
11529,WK016303XX,6330
11579,WK016304XX,9420
11639,WK016305XX,1340
11669,WK016306XX,7520
11714,WK016307XX,2210
11729,WK016308XX,1400
11744,WK016309XX,1170
11764,WK016400XX,2440
11784,WK016401XX,9750
11809,WK016402XX,10280
11839,WK016403XX,13260
11899,WK016404XX,8860
11924,WK016405XX,7460
11964,WK016406XX,10110
12004,WK016407XX,7110
12044,WK016408XX,9840
12079,WK016409XX,1990
12139,WK016600XX,33570
12234,WK016603XX,11580
12279,WK016604XX,860
12294,WK016605XX,860
12309,WK016606XX,940
12319,WK016607XX,790
12329,WK016608XX,600
12339,WK016609XX,180
12354,WK016800XX,13120
12379,WK016801XX,530
12394,WK016802XX,4300
12409,WK016803XX,3460
12429,WK016804XX,1080
12449,WK017100XX,24800
12499,WK017101XX,2320
12514,WK017102XX,3880
12529,WK017103XX,1470
12544,WK017104XX,3130
12559,WK017105XX,1940
12574,WK017106XX,2080
12589,WK017107XX,1350
12604,WK017108XX,3440
12629,WK017109XX,1330
12649,WK017300XX,31580
12729,WK017500XX,8540
12764,WK017501XX,4450
12814,WK017502XX,390
12829,WK017503XX,1670
12854,WK017504XX,1270
12874,WK017506XX,1100
12904,WK017700XX,8500
12954,WK017701XX,10520
13004,WK017702XX,3740
13019,WK017703XX,2350
13039,WK017704XX,1270
13064,WK017705XX,1470
13089,WK017706XX,1160
13119,WK017708XX,6820
13164,WK017709XX,580
13179,WK017710XX,610
13214,WK018000XX,8550
13259,WK018001XX,3010
13279,WK018002XX,390
13304,WK018003XX,1280
13334,WK018004XX,1330
13349,WK018005XX,1000
13359,WK018006XX,330
13369,WK018007XX,70
13384,WK018300XX,6120
13404,WK018301XX,3540
13419,WK018302XX,1840
13439,WK018303XX,4280
13454,WK018304XX,1270
13469,WK018305XX,1490
13494,WK018306XX,1340
13514,WK018307XX,910
13534,WK018400XX,17820
13604,WK018900XX,12730
13659,WK018901XX,1390
13699,WK018902XX,960
13714,WK018903XX,5570
13739,WK018904XX,1520
13769,WK018905XX,1200
13794,WK019310XX,2850
13814,WK019311XX,9200
13864,WK019312XX,6150
13879,WK019313XX,12260
13919,WK019314XX,2750
13934,WK019320XX,390
13954,WK019321XX,5100
13979,WK019322XX,17090
14029,WK019330XX,9240
14054,WK019331XX,13200
14079,WK019332XX,1040
14099,WK019340XX,4410
14134,WK019341XX,1090
14154,WK019350XX,15640
14204,WK019351XX,15100
14239,WK019352XX,860
14259,WK019600XX,8560
14334,WK019601XX,2450
14364,WK019701XX,4200
14424,WK019702XX,1980
14449,WK019703XX,12900
14479,WK019704XX,8480
14584,WK020001XX,6020
14599,WK020002XX,21540
14639,WK020003XX,14260
14719,WK020004XX,18000
14774,WK020005XX,27430
14819,WK020006XX,18330
14864,WK020007XX,18070
14909,WK020008XX,12610
14964,WK020010XX,2880
14989,WK020011XX,370
15014,WK020012XX,1770
15044,WK020013XX,3170
15064,WK020014XX,4380
15089,WK020015XX,1250
15109,WK020016XX,1860
15134,WK020017XX,3160
15174,WK020201XX,4510
15209,WK020202XX,5580
15229,WK020203XX,6120
15259,WK020204XX,8620
15279,WK020205XX,6320
15304,WK020206XX,4590
15319,WK020207XX,6960
15344,WK020208XX,8360
15379,WK020209XX,4100
15399,WK020210XX,4190
15409,WK020211XX,3500
15429,WK020212XX,7380
15464,WK020213XX,1820
15489,WK020214XX,3970
15509,WK020215XX,1340
15524,WK020216XX,3710
15539,WK020217XX,5080
15554,WK020218XX,7750
15584,WK020219XX,8390
15609,WK020220XX,2040
15619,WK020221XX,9500
15639,WK020222XX,12850
15654,WK020223XX,13170
15679,WK020224XX,3730
15709,WK020300XX,30230
15764,WK020301XX,12610
15804,WK020302XX,8650
15964,WK020901XX,17300
16084,WK020902XX,3530
16124,WK020903XX,2410
16154,WK020904XX,2070
16304,WK021301XX,700
16359,WK021302XX,370
16369,WK021303XX,8440
16464,WK021304XX,690
16484,WK021305XX,850
16504,WK021306XX,10160
16569,WK021400XX,3430
16619,WK021401XX,3760
16639,WK021402XX,3060
16679,WK021403XX,6310
16714,WK021404XX,2070
16739,WK021405XX,6570
16779,WK021406XX,520
16804,WK021600XX,27300
16939,WK022100XX,11570
16999,WK022201XX,3690
17044,WK022202XX,6850
17094,WK022203XX,2800
17114,WK022204XX,3630
17159,WK022205XX,370
17189,WK022206XX,10970
17249,WK022207XX,7550
17329,WK022208XX,590
17364,WK022209XX,7350
17444,WK022211XX,5590
17614,WK022231XX,6860
18099,WK022501XX,18080
18174,WK022600XX,25560
18234,WK022801XX,9080
18264,WK022802XX,12940
18294,WK022803XX,16150
18349,WK022804XX,3550
18359,WK022810XX,7530
18379,WK022811XX,7440
18409,WK022812XX,8810
18434,WK022813XX,210
18469,WK022820XX,2390
18489,WK022830XX,14810
18524,WK022840XX,12660
18569,WK022850XX,3160
18584,WK022860XX,580
18599,WK022870XX,3480
18624,WK022880XX,2460
18644,WK022890XX,2440
18769,WK023001XX,11840
18814,WK023002XX,6240
18844,WK023003XX,4150
18874,WK023200XX,14960
18914,WK023201XX,4900
18944,WK023202XX,12660
18989,WK023203XX,440
19019,WK023300XX,25470
19074,WK023301XX,800
19114,WK023600XX,14210
19154,WK023601XX,3910
19199,WK023602XX,4860
19234,WK023603XX,3300
19599,WK024100XX,15160
19679,WK024101XX,3820
19769,WK024301XX,2300
19829,WK024302XX,90
19839,WK024303XX,2450
19849,WK024304XX,1430
19859,WK024305XX,5360
19884,WK024306XX,540
19899,WK024307XX,240
19914,WK024308XX,7980
19959,WK024309XX,1360
19969,WK024310XX,6610
20004,WK024311XX,3700
20034,WK024312XX,6830
20099,WK024313XX,70
20119,WK024314XX,670
20139,WK024315XX,1350
20149,WK024316XX,1360
20179,WK024400XX,10820
20224,WK024401XX,830
20244,WK024600XX,12270
20299,WK024601XX,5940
20389,WK025200XX,13320
20444,WK025201XX,3310
20659,WK026200XX,12310
20699,WK026201XX,1350
20729,WK026202XX,3970
20769,WK026203XX,1790
20794,WK026204XX,10450
20834,WK026205XX,3180
20874,WK026300XX,9550
20924,WK026301XX,4550
20954,WK026302XX,4680
20974,WK026303XX,1470
20994,WK026304XX,3380
21024,WK026500XX,5880
21089,WK026701XX,24290
21109,WK026702XX,1740
21119,WK026703XX,3520
21134,WK026704XX,420
21144,WK026705XX,9020
21219,WK026801XX,9300
21284,WK026802XX,32800
21369,WK026803XX,13140
21434,WK026804XX,16360
21504,WK026805XX,18120
21544,WK026806XX,22260
21579,WK026807XX,23220
21634,WK026808XX,15550
21674,WK026809XX,10500
21699,WK026900XX,6860
21749,WK026901XX,13680
21809,WK026902XX,2230
21849,WK027300XX,20990
21904,WK027301XX,2190
21929,WK027400XX,13240
21959,WK027401XX,11010
21994,WK027402XX,7460
22049,WK027500XX,17790
22109,WK027501XX,8560
22149,WK027502XX,17410
22184,WK027700XX,1510
22254,WK027900XX,9040
22344,WK028100XX,19010
22399,WK028101XX,20130
22454,WK028102XX,2000
22489,WK028200XX,9320
22549,WK028500XX,2740
22594,WK028501XX,15820
22649,WK028502XX,3200
22699,WK028503XX,1900
22779,WK028900XX,32590
22824,WK028901XX,3620
22939,WK029300XX,15480
22979,WK029400XX,22890
23009,WK029401XX,6290
23164,WK029600XX,7940
23219,WK029601XX,28220
23259,WK029602XX,2790
23304,WK029603XX,710
23329,WK029700XX,11850
23364,WK029701XX,7420
23419,WK029702XX,5430
23464,WK029703XX,1480
23529,WK029900XX,24090
23629,WK029901XX,2250
23659,WK029902XX,1440
23734,WK029903XX,3480
23749,WK029904XX,560
23769,WK030100XX,8080
23844,WK030101XX,9770
23894,WK030102XX,4610
23929,WK030103XX,7320
23969,WK030104XX,8030
24024,WK030105XX,8960
24059,WK030200XX,21420
24109,WK030201XX,5140
24164,WK030301XX,5860
24209,WK030302XX,1690
24244,WK030303XX,6140
24274,WK030304XX,9810
24309,WK030305XX,2560
24329,WK030306XX,5930
24384,WK030307XX,6550
24439,WK030400XX,4170
24474,WK030401XX,4620
24524,WK030402XX,3060
24564,WK030500XX,8690
24644,WK030701XX,5210
24694,WK030702XX,810
24724,WK030703XX,10470
24804,WK030704XX,270
24834,WK030705XX,1420
24859,WK030706XX,2720
24879,WK030707XX,5500
24904,WK030708XX,4700
24934,WK030709XX,7850
24959,WK030710XX,7240
24999,WK030711XX,3130
25024,WK030712XX,250
25049,WK030713XX,4050
25079,WK030714XX,7060
25119,WK030715XX,6190
25154,WK030716XX,5760
25184,WK030717XX,6060
25244,WK030718XX,3350
25274,WK030719XX,10500
25314,WK030720XX,8750
25374,WK030721XX,11660
25439,WK030722XX,140
25449,WK030723XX,80
25464,WK030724XX,15170
25519,WK030725XX,250
25584,WK030726XX,2030
25614,WK030727XX,520
25634,WK030728XX,10060
25709,WK030800XX,11430
25754,WK030801XX,10040
25794,WK030802XX,1640
25809,WK030803XX,1300
25834,WK031000XX,14930
25859,WK031001XX,7600
25869,WK031002XX,9900
25889,WK031003XX,1400
25904,WK031004XX,5210
25924,WK031005XX,1700
25939,WK031006XX,1270
25954,WK031100XX,9810
25984,WK031101XX,390
25994,WK031102XX,1200
26019,WK031103XX,3280
26054,WK031200XX,6640
26079,WK031201XX,5320
26094,WK031202XX,2300
26114,WK031300XX,19610
26279,WK031700XX,8960
26329,WK032101XX,43270
26489,WK032102XX,650
26509,WK032103XX,600
26529,WK032104XX,1950
26584,WK032700XX,8640
26639,WK032701XX,10400
26694,WK032702XX,2810
26709,WK032703XX,2520
26724,WK032704XX,360
26734,WK032705XX,3800
26754,WK032900XX,6230
26789,WK032901XX,610
26804,WK032902XX,1440
26824,WK033100XX,14050
26939,WK033300XX,12500
26954,WK033301XX,23040
26974,WK033302XX,1340
26984,WK033303XX,2470
27014,WK033500XX,8010
27029,WK033501XX,4750
27064,WK033502XX,740
27094,WK033900XX,4480
27119,WK034000XX,970
27144,WK034001XX,2840
27199,WK034002XX,3000
27249,WK034003XX,3860
27269,WK034004XX,30
27279,WK034005XX,900
27304,WK034006XX,920
27314,WK034007XX,1520
27334,WK034008XX,220
27344,WK034009XX,70
27354,WK034010XX,30
27364,WK034011XX,40
27374,WK034012XX,30
27384,WK034013XX,4350
27414,WK034200XX,38940
27459,WK034201XX,6620
27489,WK034401XX,26740
27544,WK034402XX,40560
27619,WK034403XX,31030
27669,WK034404XX,35430
27729,WK034405XX,29010
27804,WK034406XX,16130
27864,WK034407XX,26170
27899,WK034408XX,34530
27939,WK034409XX,18910
27979,WK034410XX,36220
28039,WK034500XX,4260
28064,WK034501XX,10280
28099,WK034502XX,14200
28149,WK034503XX,6870
28169,WK034504XX,9580
28204,WK034505XX,16570
28254,WK035100XX,11590
28294,WK035200XX,17550
28304,WK035201XX,580
28319,WK035202XX,3070
28334,WK035203XX,2100
28364,WK035300XX,34060
28524,WK035501XX,14680
28554,WK035502XX,16330
28589,WK035503XX,14020
28634,WK035504XX,7660
28674,WK035505XX,7800
28719,WK035600XX,43050
28769,WK035601XX,17520
28814,WK035602XX,520
28844,WK035800XX,11560
28879,WK035801XX,7530
28899,WK035802XX,7290
28944,WK036101XX,14200
28999,WK036102XX,12350
29044,WK036103XX,7350
29079,WK036104XX,11950
29114,WK036105XX,10660
29149,WK036106XX,16380
29179,WK036107XX,14200
29214,WK036108XX,6780
29244,WK036200XX,78980
29434,WK036300XX,81470
29489,WK036301XX,360
29504,WK036302XX,34350
29534,WK036303XX,31480
29569,WK036304XX,48680
29614,WK036305XX,30020
29639,WK036306XX,33760
29664,WK036307XX,86880
29739,WK036308XX,41290
29769,WK036309XX,46490
29799,WK036310XX,44170
29824,WK036311XX,78890
29864,WK036312XX,59040
29909,WK036313XX,83060
29964,WK036314XX,47160
30004,WK036400XX,6580
30034,WK036500XX,4000
30054,WK036501XX,2540
30099,WK036600XX,11900
30129,WK036601XX,2230
30154,WK037000XX,6020
30199,WK037001XX,2450
30219,WK037200XX,5090
30259,WK037301XX,12080
30349,WK037302XX,430
30359,WK037303XX,530
30369,WK037304XX,5010
30394,WK037305XX,2910
30409,WK037306XX,3740
30434,WK037307XX,6510
30479,WK037500XX,6130
30514,WK037501XX,3830
30534,WK037502XX,1770
30554,WK037503XX,5530
30579,WK037504XX,1480
30594,WK037505XX,3210
30609,WK037506XX,4320
30624,WK037507XX,5600
30649,WK037508XX,2090
30664,WK037509XX,3400
30689,WK037600XX,9040
30709,WK037700XX,6100
30749,WK037701XX,4030
30769,WK037702XX,4420
30794,WK037703XX,2310
30814,WK038100XX,9800
30864,WK038101XX,3770
30894,WK038102XX,12950
30949,WK038103XX,5190
30994,WK038300XX,4730
31009,WK038301XX,5680
31024,WK038302XX,8760
31044,WK038303XX,620
31059,WK038304XX,2970
31084,WK038305XX,4950
31099,WK038306XX,160
31109,WK038307XX,6840
31134,WK038400XX,7620
31199,WK038401XX,8990
31234,WK038402XX,7430
31279,WK038500XX,7260
31319,WK038501XX,110
31329,WK038502XX,21070
31389,WK038800XX,8310
31414,WK038801XX,9490
31444,WK039201XX,12370
31464,WK039202XX,15080
31489,WK039203XX,20570
31529,WK039204XX,11700
31554,WK039205XX,16260
31584,WK039206XX,20130
31614,WK039207XX,14880
31644,WK039208XX,5130
31664,WK039209XX,31520
31694,WK039300XX,5430
31734,WK039401XX,72050
31849,WK039402XX,29510
31904,WK039403XX,7660
31949,WK039404XX,900
31964,WK039405XX,11960
32029,WK039406XX,800
32059,WK039407XX,4100
32084,WK039408XX,760
32104,WK039409XX,1580
32129,WK039410XX,3580
32139,WK039411XX,920
32149,WK039412XX,1750
32164,WK039413XX,590
32179,WK039414XX,280
32189,WK039415XX,4210
32224,WK039501XX,7650
32259,WK039502XX,1960
32294,WK039503XX,6330
32334,WK039601XX,1680
32349,WK039602XX,2760
32369,WK039603XX,5080
32394,WK039604XX,1850
32434,WK039605XX,4760
32459,WK039606XX,6120
32499,WK039607XX,3080
32519,WK039608XX,4760
32539,WK039609XX,4940
32554,WK039610XX,3360
32564,WK039611XX,0
32579,WK039700XX,22330
32634,WK039701XX,2890
32654,WK039702XX,400
32669,WK039801XX,2780
32679,WK039802XX,4430
32694,WK039804XX,1630
32704,WK039806XX,4750
32719,WK039807XX,2620
32734,WK039808XX,3730
32744,WK039809XX,790
32759,WK039810XX,2940
32769,WK039811XX,3490
32779,WK039812XX,510
32789,WK039813XX,3360
32799,WK039814XX,4500
32814,WK039815XX,3910
32829,WK039816XX,4230
32839,WK039817XX,2130
32849,WK039820XX,1210
32859,WK039830XX,1410
32869,WK039840XX,490
32879,WK039850XX,1480
32894,WK039901XX,780
32904,WK039902XX,2620
32919,WK039903XX,4370
32944,WK039904XX,4240
32959,WK039905XX,4960
32984,WK039906XX,4500
33009,WK039907XX,20
33019,WK039908XX,520
33039,WK040001XX,9110
33094,WK040002XX,11190
33144,WK040003XX,3650
33174,WK040004XX,9120
33229,WK040005XX,9570
33284,WK040006XX,1020
33329,WK040007XX,490
33349,WK040008XX,13640
33409,WK040200XX,8140
33439,WK040201XX,7040
33464,WK040202XX,26050
33499,WK040203XX,5640
33519,WK040204XX,7580
33539,WK040205XX,24420
33574,WK040206XX,890
33614,WK040207XX,4040
33629,WK040510XX,5180
33654,WK040511XX,2530
33679,WK040512XX,4920
33709,WK040513XX,8180
33759,WK040520XX,8270
33809,WK040521XX,7790
33844,WK040522XX,1470
33859,WK040530XX,4570
33904,WK040531XX,4040
33939,WK040532XX,4060
33964,WK040533XX,17660
34019,WK040534XX,20
34039,WK040535XX,0
34054,WK040600XX,6240
34069,WK040601XX,2490
34079,WK040602XX,900
34099,WK040603XX,380
34134,WK040604XX,2770
34149,WK040605XX,1160
34169,WK040606XX,3650
34184,WK040607XX,3550
34194,WK040608XX,6070
34209,WK040609XX,3120
34219,WK040610XX,2250
34234,WK040611XX,6700
34254,WK040612XX,2600
34274,WK041200XX,4040
34304,WK041201XX,3560
34339,WK041202XX,2470
34369,WK041203XX,1980
34404,WK041500XX,8830
34434,WK041501XX,1340
34454,WK041600XX,26050
34499,WK041700XX,10960
34549,WK042000XX,7820
34584,WK042001XX,5310
34609,WK042002XX,2400
34619,WK042003XX,580
34629,WK042004XX,3220
34644,WK042005XX,1640
34664,WK042006XX,650
34674,WK042007XX,1090
34684,WK042008XX,1780
34694,WK042009XX,2200
34714,WK042400XX,6610
34759,WK042500XX,17140
34884,WK043100XX,9200
34914,WK043200XX,6100
34949,WK043201XX,4260
34974,WK043202XX,880
34989,WK043700XX,13050
35034,WK043901XX,4150
35054,WK043902XX,13280
35084,WK043903XX,7180
35104,WK043904XX,9280
35119,WK043905XX,15070
35154,WK043906XX,13700
35174,WK043907XX,15770
35209,WK044100XX,19060
35269,WK044800XX,12070
35319,WK044801XX,1470
35349,WK045000XX,12200
35399,WK045101XX,980
35409,WK045102XX,3100
35419,WK045103XX,7520
35439,WK045104XX,5460
35459,WK045106XX,6300
35474,WK045107XX,250
35484,WK045108XX,3900
35509,WK045300XX,5030
35544,WK045301XX,7930
35584,WK045302XX,7660
35624,WK045303XX,4840
35649,WK045304XX,10100
35689,WK045305XX,5040
35724,WK045306XX,6880
35769,WK045307XX,3230
35794,WK045308XX,16620
35849,WK045309XX,220
35939,WK045700XX,17580
35989,WK045800XX,410
35999,WK045801XX,1200
36019,WK045802XX,1270
36044,WK045803XX,2430
36084,WK045900XX,7400
36109,WK045901XX,1200
36124,WK046200XX,8640
36184,WK046300XX,12610
36289,WK047300XX,15280
36344,WK047301XX,1380
36364,WK047600XX,11510
36419,WK047800XX,550
36429,WK047801XX,3260
36444,WK047802XX,750
36454,WK047803XX,710
36464,WK047804XX,780
36474,WK047805XX,100
36484,WK047806XX,170
36499,WK047911XX,11650
36519,WK047912XX,7980
36529,WK047913XX,10050
36544,WK047914XX,7580
36554,WK047915XX,4800
36569,WK047916XX,6650
36584,WK047921XX,4410
36609,WK047922XX,7370
36629,WK047923XX,11970
36644,WK047931XX,4640
36654,WK047932XX,6800
36664,WK047941XX,3040
36674,WK047942XX,5800
36689,WK047951XX,11140
36724,WK047961XX,7640
36749,WK047962XX,9540
36779,WK047971XX,7730
36814,WK047972XX,9600
36834,WK047981XX,4460
36914,WK048200XX,18720
36959,WK048300XX,10940
36989,WK048301XX,3540
37029,WK048401XX,9660
37084,WK048402XX,13870
37129,WK048403XX,10250
37164,WK048404XX,4410
37194,WK048405XX,7770
37229,WK048406XX,8180
37259,WK048407XX,860
37279,WK048408XX,13480
37329,WK048409XX,50
37339,WK048445XX,1180
37364,WK048471XX,1950
37394,WK048901XX,1540
37414,WK048902XX,2540
37439,WK048903XX,1000
37449,WK048904XX,2080
37464,WK048905XX,3790
37484,WK048906XX,1100
37494,WK048907XX,2100
37504,WK048908XX,3000
37519,WK048909XX,5480
37549,WK048910XX,570
37559,WK048911XX,1560
37569,WK048912XX,1640
37589,WK048913XX,550
37599,WK048914XX,6380
37624,WK048915XX,1940
37634,WK048916XX,1700
37644,WK048917XX,770
37654,WK048918XX,1490
37664,WK048919XX,1000
37674,WK048920XX,3740
37684,WK048930XX,170
37714,WK048931XX,780
37744,WK048950XX,40
37824,WK049100XX,5180
37859,WK049101XX,1230
37889,WK049102XX,1500
37899,WK049103XX,1610
38179,WK049701XX,5210
38204,WK049702XX,2700
38214,WK049703XX,9740
38254,WK049704XX,390
38264,WK049705XX,1370
38279,WK049800XX,7680
38299,WK049801XX,1750
38319,WK049802XX,1540
38329,WK049803XX,5640
38369,WK049804XX,1280
38384,WK049805XX,930
38399,WK049900XX,15220
38434,WK050100XX,12060
38479,WK050101XX,1760
38494,WK050102XX,1920
38519,WK050103XX,30
38534,WK050201XX,10430
38589,WK050202XX,7310
38639,WK050203XX,8140
38684,WK050204XX,8060
38734,WK050205XX,6200
38784,WK050206XX,5680
38819,WK050207XX,14330
38874,WK050208XX,3070
38929,WK050209XX,1800
38979,WK050311XX,12160
39034,WK050312XX,9370
39084,WK050313XX,12860
39134,WK050314XX,8880
39179,WK050316XX,70
39214,WK050322XX,8820
39264,WK050323XX,6410
39299,WK050324XX,12400
39349,WK050325XX,14040
39419,WK050326XX,20
39429,WK050327XX,1330
39464,WK050328XX,9560
39529,WK050329XX,260
39559,WK050400XX,4960
39579,WK050401XX,2240
39614,WK050402XX,1120
39639,WK050500XX,7930
39699,WK050501XX,7940
39754,WK050502XX,11210
39799,WK050503XX,5390
39839,WK050504XX,3520
39869,WK050505XX,7250
39904,WK050506XX,2230
39929,WK050507XX,2970
39949,WK050508XX,5340
39989,WK050509XX,7080
40004,WK050510XX,900
40014,WK050511XX,5460
40029,WK050512XX,6200
40059,WK050513XX,9960
40084,WK050514XX,10780
40154,WK050515XX,9330
40189,WK050516XX,4920
40204,WK050517XX,6330
40229,WK050518XX,140
40249,WK050519XX,1800
40349,WK050598XX,1490
40389,WK051100XX,2030
40409,WK051101XX,6100
40449,WK051102XX,3460
40469,WK051201XX,5160
40484,WK051202XX,2040
40494,WK051203XX,1980
40504,WK051204XX,6450
40519,WK051205XX,2890
40529,WK051206XX,5240
40539,WK051207XX,170
40549,WK051208XX,60
40559,WK051209XX,30
40569,WK051210XX,60
40579,WK051211XX,9090
40604,WK051212XX,890
40614,WK051213XX,80
40624,WK051214XX,20
40644,WK051215XX,80
40654,WK051216XX,60
40664,WK051217XX,20
40674,WK051218XX,80
40684,WK051219XX,10
40694,WK051220XX,50
40704,WK051221XX,20
40719,WK051301XX,6490
40754,WK051302XX,9470
40784,WK051303XX,9690
40819,WK051304XX,12590
40864,WK051305XX,9670
40899,WK051306XX,10350
40929,WK051307XX,12060
40964,WK051308XX,410
40979,WK051309XX,120
41054,WK051801XX,0
41064,WK051802XX,7730
41074,WK051803XX,2010
41089,WK051804XX,12410
41124,WK051805XX,5700
41134,WK051806XX,720
41144,WK051807XX,16330
41174,WK051808XX,4710
41184,WK051809XX,13220
41199,WK051810XX,560
41209,WK051811XX,7230
41224,WK051812XX,13420
41244,WK051813XX,4810
41254,WK051814XX,4740
41269,WK051815XX,2280
41284,WK051816XX,4490
41294,WK051817XX,18920
41314,WK051818XX,14770
41344,WK051819XX,10830
41359,WK051820XX,17120
41374,WK051821XX,12110
41389,WK051822XX,10260
41399,WK051823XX,1330
41409,WK051824XX,320
41419,WK051825XX,13380
41444,WK051826XX,14740
41464,WK051827XX,8830
41484,WK051828XX,17090
41509,WK051829XX,32560
41529,WK051830XX,14020
41549,WK051831XX,17680
41569,WK051832XX,13720
41579,WK051833XX,24410
41604,WK051834XX,16590
41624,WK051835XX,0
41634,WK051836XX,18400
41659,WK051837XX,5420
41669,WK051838XX,36780
41704,WK051839XX,300
41714,WK051840XX,16550
41744,WK051841XX,180
41764,WK051842XX,22880
41804,WK051843XX,170
41819,WK051844XX,15900
41849,WK052300XX,17600
41964,WK053000XX,4610
41994,WK053001XX,6060
42019,WK053002XX,6290
42059,WK053003XX,7400
42084,WK053004XX,8800
42114,WK053005XX,1260
42124,WK053006XX,3090
42139,WK053007XX,920
42154,WK053008XX,1210
42234,WK053101XX,11140
42254,WK053102XX,8470
42279,WK053103XX,4970
42294,WK053104XX,110
42304,WK053105XX,160
42324,WK053200XX,10170
42344,WK053201XX,11200
42374,WK053400XX,20350
42424,WK053701XX,13390
42449,WK053702XX,20
42464,WK053703XX,5990
42484,WK053704XX,6160
42509,WK053705XX,13760
42549,WK053706XX,2770
42574,WK053707XX,14970
42599,WK053708XX,4120
42624,WK054200XX,28810
42664,WK054500XX,20620
42709,WK054600XX,8100
42734,WK054601XX,14520
42789,WK054602XX,1980
42799,WK054603XX,12500
42819,WK054604XX,18920
42874,WK054605XX,19400
42919,WK054606XX,10770
42939,WK054607XX,3830
42969,WK054608XX,14620
43004,WK054609XX,12240
43034,WK054700XX,14620
43089,WK054701XX,3400
43109,WK054702XX,8350
43179,WK055302XX,22130
43294,WK055600XX,31390
43439,WK055900XX,17690
43479,WK056300XX,8160
43499,WK056700XX,21740
43554,WK056800XX,1290
43569,WK056801XX,2640
43594,WK056802XX,2210
43619,WK056803XX,5190
43639,WK056804XX,1210
43664,WK056900XX,11030
43714,WK056901XX,3840
43744,WK056902XX,3050
43779,WK056903XX,8850
43824,WK057100XX,9500
43859,WK057500XX,16410
43894,WK057501XX,8500
43929,WK057600XX,15400
43964,WK057900XX,22370
44034,WK058000XX,3160
44059,WK058001XX,2260
44089,WK058002XX,4750
44114,WK058400XX,23820
44189,WK058500XX,3330
44224,WK058501XX,4420
44264,WK058502XX,2020
44294,WK058503XX,3280
44334,WK058504XX,6720
44379,WK058505XX,9030
44429,WK058800XX,3810
44449,WK058801XX,1640
44469,WK058802XX,2070
44499,WK058803XX,3420
44544,WK058900XX,6460
44564,WK058901XX,900
44584,WK058902XX,1360
44604,WK058903XX,1210
44644,WK059000XX,31570
44689,WK059500XX,1680
44759,WK059501XX,7700
44844,WK059502XX,1730
44904,WK059503XX,1690
44929,WK059700XX,44690
45099,WK059901XX,30090
45139,WK059903XX,69890
45189,WK059904XX,15770
45224,WK059905XX,49280
45264,WK059906XX,40840
45294,WK059908XX,49340
45339,WK059910XX,69090
45384,WK059912XX,58000
45409,WK059913XX,4740
45419,WK059914XX,89240
45464,WK059915XX,62100
45514,WK059916XX,34900
45529,WK059917XX,9400
45549,WK059918XX,160
45559,WK059919XX,20
45574,WK059921XX,40
45599,WK059922XX,0
45619,WK059923XX,10
45639,WK059924XX,20
45649,WK059925XX,0
45659,WK059926XX,0
45674,WK059999XX,0
45689,WK060000XX,12550
45739,WK060301XX,4470
45754,WK060302XX,9700
45784,WK060303XX,5330
45809,WK060304XX,4420
45829,WK060305XX,8190
45854,WK060306XX,8110
45879,WK060307XX,3730
45894,WK060308XX,1140
45919,WK060309XX,1750
45969,WK060600XX,1810
45979,WK060601XX,10640
46019,WK060602XX,2440
46039,WK060603XX,11090
46084,WK060604XX,5940
46114,WK060605XX,30
46124,WK060606XX,14270
46169,WK060607XX,12440
46209,WK060608XX,340
46229,WK060609XX,15950
46284,WK060800XX,12130
46324,WK061000XX,23760
46394,WK061100XX,8920
46424,WK061101XX,3930
46459,WK061200XX,6220
46544,WK061201XX,6510
46594,WK061202XX,12570
46649,WK061203XX,5020
46709,WK061204XX,5020
46779,WK061205XX,8690
46889,WK061206XX,2860
46939,WK061207XX,20020
47039,WK061208XX,4610
47119,WK061209XX,1590
47184,WK061300XX,12700
47214,WK061302XX,9760
47239,WK061400XX,6450
47279,WK061401XX,7630
47339,WK061700XX,9060
47509,WK062000XX,16090
47554,WK062001XX,1450
47584,WK062002XX,2100
47614,WK062201XX,14920
47639,WK062202XX,12730
47669,WK062203XX,920
47709,WK062204XX,6560
47734,WK062205XX,12240
47764,WK062206XX,9790
47799,WK062207XX,13680
47844,WK062208XX,10
47859,WK062300XX,3490
47914,WK062301XX,740
47924,WK062302XX,5000
47974,WK062303XX,620
48034,WK062600XX,22860
48104,WK062700XX,25640
48179,WK062900XX,6860
48234,WK062901XX,18900
48299,WK063200XX,20570
48349,WK063201XX,6290
48364,WK063202XX,7060
48389,WK063203XX,2340
48409,WK063204XX,3780
48449,WK063205XX,8340
48489,WK063700XX,19660
48514,WK063701XX,15000
48529,WK063702XX,19850
48544,WK063703XX,16900
48559,WK063704XX,9270
48574,WK063705XX,22220
48589,WK063706XX,15480
48604,WK063708XX,830
48629,WK063709XX,300
48669,WK063800XX,5630
48704,WK063801XX,2670
48719,WK064201XX,9240
48799,WK064202XX,4720
48849,WK064203XX,6370
48919,WK064204XX,6910
48974,WK064205XX,7080
49054,WK064206XX,6180
49109,WK064207XX,250
49154,WK064208XX,3330
49184,WK064209XX,400
49229,WK064300XX,7930
49264,WK064301XX,6370
49309,WK064400XX,5700
49329,WK064401XX,2460
49344,WK064500XX,5210
49384,WK064501XX,1210
49399,WK064502XX,4350
49449,WK065300XX,5760
49494,WK065301XX,1220
49534,WK065302XX,1300
49564,WK065303XX,1930
49594,WK065400XX,6320
49644,WK065401XX,11030
49689,WK065402XX,2870
49724,WK065403XX,2300
49774,WK066401XX,26880
49829,WK066402XX,750
49844,WK066403XX,3200
49869,WK066404XX,540
49884,WK066405XX,1320
49904,WK066406XX,220
49914,WK066407XX,1380
49934,WK066408XX,2130
49949,WK066409XX,280
49964,WK066801XX,1690
49979,WK066802XX,570
49994,WK066803XX,840
50009,WK066804XX,6060
50024,WK066805XX,2140
50039,WK066806XX,3310
50054,WK066807XX,1340
50069,WK066808XX,2370
50089,WK067701XX,10740
50149,WK067702XX,3220
50164,WK067703XX,2510
50179,WK067704XX,960
50204,WK067705XX,1140
50219,WK067706XX,1060
50234,WK067707XX,320
50244,WK067708XX,3470
50264,WK067709XX,920
50289,WK067710XX,540
50304,WK067711XX,2190
50319,WK067712XX,540
50334,WK067713XX,330
50354,WK067800XX,8500
50369,WK067801XX,3050
50384,WK067802XX,500
50404,WK068300XX,3310
50429,WK068301XX,3200
50464,WK068302XX,2280
50499,WK068303XX,990
50534,WK068304XX,1540
50589,WK068305XX,1600
50624,WK068306XX,1520
50649,WK068307XX,1620
50694,WK068700XX,6710
50709,WK068701XX,11640
50799,WK068702XX,7150
50819,WK068703XX,15100
50859,WK068704XX,1310
50874,WK068705XX,5400
50929,WK068900XX,3260
50949,WK068901XX,1170
50964,WK068902XX,260
50979,WK068903XX,240
50994,WK068904XX,3370
51014,WK068905XX,1490
51039,WK068906XX,1650
51064,WK068907XX,1780
51084,WK068908XX,1200
51099,WK069300XX,2780
51114,WK069301XX,1240
51134,WK069302XX,840
51149,WK069303XX,1090
51164,WK069304XX,960
51179,WK069305XX,2180
51194,WK069306XX,700
51209,WK069400XX,3940
51234,WK069401XX,1830
51254,WK069402XX,1400
51264,WK069403XX,2600
51284,WK070300XX,6520
51299,WK070301XX,5660
51319,WK070302XX,4930
51344,WK070303XX,1170
51359,WK070304XX,3010
51394,WK070700XX,3590
51429,WK070701XX,2950
51449,WK070702XX,950
51459,WK070703XX,1580
51479,WK070704XX,2580
51504,WK070705XX,1060
51529,WK070706XX,690
51549,WK071000XX,3950
51594,WK071001XX,1510
51649,WK071002XX,600
51679,WK071003XX,1630
51724,WK071004XX,3470
51739,WK071005XX,700
51784,WK071510XX,2460
51794,WK071511XX,30
51804,WK071512XX,30
51814,WK071513XX,0
51824,WK071514XX,30
51834,WK071515XX,200
51844,WK071516XX,1310
51854,WK071517XX,1490
51864,WK071518XX,2410
51874,WK071519XX,2720
51884,WK071520XX,1140
51894,WK071521XX,860
51904,WK071522XX,2100
51914,WK071523XX,3280
51924,WK071524XX,1740
51934,WK071525XX,2120
51944,WK071526XX,1580
51954,WK071528XX,30
51964,WK071529XX,210
51974,WK071530XX,1310
51984,WK071531XX,80
51994,WK071534XX,270
52004,WK071535XX,2480
52014,WK071536XX,20
52024,WK071537XX,0
52034,WK071538XX,260
52044,WK071539XX,370
52054,WK071540XX,2340
52064,WK071541XX,30
52074,WK071545XX,1990
52084,WK071546XX,150
52094,WK071547XX,1600
52104,WK071548XX,120
52114,WK071549XX,120
52124,WK071550XX,7310
52134,WK071551XX,20
52144,WK071553XX,360
52154,WK071554XX,380
52164,WK071555XX,1910
52174,WK071556XX,150
52184,WK071557XX,110
52194,WK071558XX,320
52204,WK071559XX,120
52214,WK071560XX,770
52224,WK071564XX,180
52234,WK071565XX,160
52244,WK071569XX,100
52254,WK071570XX,3740
52264,WK071571XX,260
52274,WK071572XX,20
52284,WK071573XX,110
52294,WK071574XX,30
52304,WK071575XX,2010
52314,WK071576XX,10
52324,WK071579XX,40
52334,WK071580XX,1920
52344,WK071584XX,250
52359,WK071600XX,7370
52374,WK071601XX,1720
52389,WK071602XX,1760
52404,WK071603XX,3660
52419,WK071604XX,1660
52434,WK071605XX,3580
52449,WK071606XX,2780
52464,WK071607XX,2300
52479,WK071608XX,430
52499,WK071700XX,1650
52524,WK071701XX,510
52539,WK071702XX,1130
52559,WK071703XX,1810
52574,WK071704XX,1670
52589,WK071705XX,2330
52619,WK071706XX,1500
52634,WK071707XX,1320
52649,WK071708XX,1460
52664,WK071709XX,3480
52689,WK071710XX,930
52714,WK071711XX,1520
52734,WK071712XX,2700
52759,WK071801XX,7710
52779,WK071802XX,10090
52824,WK071803XX,5850
52844,WK071804XX,10000
52894,WK071805XX,10440
52924,WK071806XX,590
52944,WK071807XX,120
52954,WK071808XX,0
52969,WK073300XX,3120
52994,WK073301XX,3240
53019,WK073302XX,2070
53034,WK073303XX,2500
53054,WK073600XX,17640
53079,WK073601XX,980
53094,WK073602XX,9360
53139,WK073603XX,6580
53164,WK073700XX,10050
53179,WK073701XX,2710
53209,WK073702XX,2920
53234,WK073703XX,830
53249,WK073704XX,2180
53274,WK073705XX,2310
53299,WK073706XX,1390
53314,WK073707XX,2480
53339,WK073708XX,2360
53354,WK073709XX,5010
53374,WK073800XX,6020
53394,WK073801XX,2450
53409,WK073802XX,1650
53424,WK073803XX,740
53439,WK073804XX,720
53454,WK073805XX,410
53469,WK073806XX,420
53489,WK074300XX,12840
53519,WK074301XX,2420
53534,WK074302XX,920
53549,WK074308XX,150
53559,WK074309XX,70
53574,WK074400XX,5430
53599,WK074401XX,1080
53614,WK074402XX,160
53629,WK074800XX,13630
53669,WK074801XX,11030
53694,WK074802XX,18660
53744,WK074803XX,8300
53769,WK074804XX,11640
53819,WK074805XX,1990
53849,WK075300XX,29090
53909,WK075500XX,7980
53944,WK075501XX,1670
53964,WK075600XX,12400
54019,WK075601XX,1730
54034,WK075602XX,1810
54049,WK075603XX,2340
54064,WK075604XX,1610
54079,WK075605XX,720
54094,WK075606XX,3040
54114,WK075607XX,3630
54139,WK075608XX,910
54154,WK075609XX,450
54174,WK075700XX,24240
54229,WK075701XX,1160
54244,WK075702XX,4840
54279,WK075800XX,11940
54314,WK075801XX,23040
54354,WK075802XX,23200
54379,WK075803XX,17920
54409,WK075804XX,7830
54424,WK075805XX,28650
54479,WK075806XX,27670
54529,WK075807XX,7900
54549,WK075808XX,4690
54564,WK075809XX,11470
54579,WK075810XX,6650
54604,WK076200XX,24320
54654,WK076201XX,1370
54669,WK076202XX,3200
54684,WK076203XX,1880
54699,WK076204XX,870
54719,WK076500XX,8520
54734,WK076501XX,4740
54759,WK076600XX,22200
54794,WK076601XX,1030
54814,WK076602XX,2210
54834,WK077000XX,9320
54889,WK077001XX,1920
54914,WK077002XX,1370
54929,WK077003XX,2190
54944,WK077004XX,1940
54959,WK077005XX,1340
54984,WK077211XX,5870
55014,WK077212XX,31800
55134,WK077213XX,19600
55184,WK077214XX,35740
55269,WK077215XX,65440
55384,WK077216XX,25290
55499,WK077217XX,26590
55579,WK077700XX,10450
55654,WK077701XX,10
55664,WK077702XX,200
55674,WK077710XX,15860
55759,WK077711XX,50
55769,WK077712XX,740
55794,WK077720XX,11650
55854,WK077721XX,230
55864,WK077722XX,10
55874,WK077723XX,1230
55904,WK077900XX,11760
55929,WK077901XX,2170
55944,WK077902XX,6800
55979,WK078400XX,16460
55999,WK078401XX,7500
56019,WK078402XX,1370
56034,WK078403XX,320
56059,WK078501XX,1070
56114,WK078502XX,1920
56164,WK078503XX,2260
56189,WK078504XX,1080
56204,WK078505XX,1320
56214,WK078506XX,2450
56224,WK078507XX,1550
56239,WK078508XX,600
56259,WK078509XX,4400
56289,WK078510XX,780
56299,WK078511XX,1910
56319,WK078512XX,0
56329,WK078513XX,240
56344,WK078514XX,240
56354,WK078520XX,2240
56369,WK078521XX,60
56379,WK078522XX,0
56389,WK078523XX,210
56404,WK078600XX,8870
56444,WK078601XX,1120
56464,WK078602XX,1560
56494,WK078603XX,1160
56514,WK078800XX,5540
56539,WK078801XX,4600
56569,WK078802XX,2200
56584,WK078803XX,1420
56609,WK079410XX,13500
56649,WK079411XX,7520
56669,WK079412XX,11740
56689,WK079413XX,10880
56719,WK079414XX,9280
56749,WK079415XX,4500
56764,WK079416XX,2500
56784,WK079417XX,5380
56804,WK079418XX,8560
56824,WK079419XX,5140
56839,WK079421XX,7400
56864,WK079429XX,360
56884,WK079601XX,11880
56919,WK079602XX,11840
56984,WK079603XX,13110
57019,WK079604XX,6910
57039,WK079605XX,9300
57079,WK079606XX,13390
57129,WK079607XX,2700
57169,WK079608XX,5380
57194,WK079609XX,18950
57274,WK079610XX,17510
57334,WK079611XX,20000
57394,WK079612XX,5510
57434,WK079700XX,17750
57469,WK079701XX,1560
57489,WK079702XX,14030
57514,WK079703XX,2050
57529,WK079704XX,1990
57544,WK079705XX,5560
57599,WK079800XX,8600
57614,WK079801XX,1200
57629,WK079802XX,850
57644,WK079803XX,3640
57664,WK079804XX,820
57684,WK080800XX,3040
57699,WK080801XX,1170
57724,WK080802XX,1140
57739,WK080803XX,1370
57774,WK080900XX,5660
57789,WK080901XX,16280
57829,WK080902XX,540
57844,WK080909XX,410
57859,WK081500XX,6040
57909,WK081501XX,2240
57924,WK081502XX,1590
57939,WK081503XX,1130
57959,WK082000XX,19700
57994,WK082001XX,2160
58009,WK082002XX,740
58029,WK082300XX,10380
58074,WK082301XX,2050
58089,WK082302XX,3720
58109,WK082303XX,1700
58129,WK082400XX,19730
58184,WK082401XX,6010
58219,WK082600XX,5030
58229,WK082601XX,7520
58249,WK082602XX,2040
58264,WK082603XX,3690
58279,WK082604XX,1490
58294,WK082605XX,8640
58329,WK082606XX,14610
58374,WK082607XX,5390
58394,WK082608XX,140
58409,WK082609XX,60
58429,WK082610XX,260
58444,WK082611XX,1180
58459,WK082612XX,1330
58479,WK082613XX,2420
58509,WK082800XX,5430
58529,WK082801XX,8370
58569,WK082802XX,300
58589,WK082803XX,5950
58634,WK082804XX,8220
58664,WK082805XX,150
58689,WK082806XX,13580
58744,WK082807XX,14650
58799,WK082808XX,380
58824,WK082809XX,340
58854,WK082810XX,7750
58884,WK082811XX,760
58904,WK082812XX,720
58924,WK082813XX,1660
58944,WK082814XX,3700
58974,WK082815XX,2880
58994,WK082816XX,770
59014,WK082817XX,1120
59049,WK084000XX,4600
59064,WK084001XX,9300
59079,WK084002XX,5060
59099,WK084003XX,1470
59114,WK084004XX,2040
59139,WK084400XX,6850
59209,WK084401XX,5370
59284,WK084402XX,9480
59399,WK084403XX,1180
59414,WK084500XX,10450
59454,WK084501XX,2220
59474,WK084502XX,5870
59504,WK084503XX,7580
59534,WK084504XX,1990
59559,WK084600XX,12170
59614,WK084601XX,2470
59639,WK084602XX,1450
59654,WK084603XX,1070
59674,WK084700XX,11230
59694,WK084701XX,2060
59714,WK084702XX,3500
59734,WK084703XX,1340
59749,WK084709XX,90
59764,WK084800XX,10660
59794,WK084801XX,4790
59819,WK085100XX,12280
59864,WK085101XX,2360
59879,WK085102XX,580
59894,WK085103XX,5630
59919,WK085104XX,2360
59939,WK085200XX,9910
59994,WK085201XX,220
60004,WK085202XX,1810
60019,WK085203XX,2810
60039,WK085204XX,1850
60054,WK085205XX,420
60069,WK085500XX,5910
60079,WK085501XX,37890
60134,WK085502XX,31120
60189,WK085503XX,28870
60234,WK085504XX,22980
60294,WK085505XX,770
60319,WK085506XX,15370
60354,WK085507XX,10690
60434,WK085508XX,40090
60489,WK085509XX,8400
60519,WK085601XX,34610
60629,WK085602XX,3460
60649,WK085603XX,2060
60669,WK085800XX,20400
60719,WK085801XX,9350
60759,WK085802XX,1120
60789,WK086000XX,25490
60844,WK086001XX,1650
60859,WK086002XX,1570
60879,WK086003XX,1500
60894,WK086004XX,4840
60924,WK086005XX,1070
60939,WK086006XX,790
60959,WK086100XX,27400
61004,WK086101XX,12570
61029,WK086102XX,3090
61064,WK086500XX,12380
61109,WK086501XX,12180
61149,WK086502XX,770
61169,WK086600XX,16700
61204,WK086700XX,29300
61259,WK086701XX,270
61284,WK086702XX,3820
61314,WK086703XX,5080
61334,WK086704XX,2070
61364,WK086705XX,3970
61384,WK086706XX,1130
61404,WK087001XX,11330
61469,WK087002XX,5420
61494,WK087003XX,3440
61519,WK087004XX,3810
61559,WK087005XX,2420
61584,WK087300XX,10440
61619,WK087301XX,2240
61644,WK087302XX,5210
61669,WK087303XX,3750
61689,WK087400XX,4480
61714,WK087401XX,3600
61739,WK087402XX,1710
61754,WK087403XX,1510
61769,WK087404XX,2470
61784,WK087405XX,650
61809,WK087900XX,7510
61824,WK087901XX,2530
61839,WK087902XX,3130
61854,WK087903XX,1640
61869,WK087904XX,6130
61894,WK088000XX,13150
61934,WK088001XX,1610
61954,WK088002XX,1130
61984,WK088100XX,8240
62024,WK088200XX,10410
62099,WK088201XX,15470
62179,WK088202XX,12860
62249,WK088500XX,3560
62284,WK088501XX,5180
62329,WK088800XX,14780
62349,WK088801XX,1920
62384,WK088900XX,11090
62409,WK088901XX,2550
62439,WK089300XX,2200
62459,WK089301XX,2220
62484,WK089302XX,5380
62514,WK089303XX,2470
62539,WK089304XX,1230
62564,WK089901XX,7190
62599,WK089902XX,7200
62659,WK089903XX,4680
62719,WK089904XX,3080
62754,WK089905XX,7600
62819,WK090500XX,8430
62859,WK090501XX,3060
62879,WK090700XX,2710
62899,WK090701XX,2320
62919,WK090702XX,770
62934,WK090703XX,9020
62964,WK090704XX,2070
63034,WK091710XX,4350
63049,WK091711XX,3630
63064,WK091712XX,7620
63079,WK091713XX,4320
63094,WK091714XX,410
63104,WK091720XX,5900
63134,WK091721XX,5660
63149,WK091722XX,3290
63164,WK091723XX,70
63174,WK091724XX,5220
63194,WK091730XX,3880
63214,WK091731XX,4810
63239,WK091732XX,6910
63264,WK091733XX,4610
63289,WK091734XX,2450
63299,WK091735XX,180
63309,WK091736XX,4420
63334,WK091737XX,2700
63349,WK091738XX,5090
63364,WK091739XX,4230
63389,WK091740XX,4050
63399,WK091741XX,5780
63424,WK091742XX,80
63439,WK091800XX,3050
63464,WK091801XX,16470
63664,WK092800XX,15520
63699,WK092801XX,19220
63734,WK092802XX,13580
63774,WK092900XX,4270
63879,WK093400XX,6390
63899,WK093401XX,6550
63939,WK093500XX,15800
63984,WK093501XX,8800
64019,WK093502XX,36350
64074,WK093503XX,2110
64104,WK093504XX,30430
64144,WK093505XX,2900
64169,WK093506XX,21620
64204,WK093600XX,4160
64239,WK093601XX,4260
64274,WK093602XX,1970
64309,WK093603XX,3140
64354,WK093800XX,7730
64384,WK093801XX,2890
64399,WK093802XX,9130
64444,WK094100XX,5960
64484,WK094400XX,6860
64504,WK094401XX,1220
64524,WK094600XX,8190
64549,WK094601XX,1780
64564,WK094602XX,4090
64594,WK094603XX,1580
64609,WK094604XX,1030
64629,WK095100XX,6620
64659,WK095101XX,1760
64674,WK095102XX,4170
64694,WK095103XX,3310
64719,WK095700XX,8980
64744,WK095701XX,5770
64759,WK095702XX,5730
64779,WK095703XX,7610
64804,WK095704XX,4790
64824,WK095705XX,5950
64839,WK095706XX,850
64854,WK095707XX,6000
64879,WK095708XX,8770
64924,WK096200XX,6550
64964,WK096201XX,6860
64994,WK096400XX,7650
65039,WK096500XX,5660
65069,WK096501XX,5550
65099,WK097100XX,11430
65134,WK097101XX,9090
65154,WK097102XX,5560
65249,WK098100XX,2790
65294,WK098101XX,7050
65309,WK098300XX,24800
65359,WK098301XX,35220
65414,WK098302XX,2650
65429,WK098303XX,3800
65469,WK098304XX,19950
65504,WK098305XX,5460
65534,WK098400XX,11190
65589,WK098401XX,27910
65649,WK098600XX,8460
65679,WK098601XX,4300
65729,WK098801XX,7090
65759,WK098802XX,1360
65779,WK098803XX,3380
65794,WK098811XX,3810
65809,WK098812XX,2350
65819,WK098813XX,3800
65834,WK098814XX,1930
65849,WK098821XX,4650
65864,WK098822XX,3910
65879,WK098823XX,2720
65889,WK098824XX,3710
65909,WK098825XX,1560
65924,WK098831XX,1170
65939,WK098832XX,1030
65954,WK098833XX,870
65969,WK098834XX,4970
65989,WK099300XX,2410
66004,WK099301XX,5260
66049,WK099400XX,7800
66079,WK099401XX,1600
66104,WK099402XX,1760
66134,WK099403XX,1400
66149,WK099404XX,4540
66179,WK099510XX,1440
66209,WK099511XX,13630
66279,WK099522XX,17740
66339,WK099527XX,10
66359,WK099530XX,560
66389,WK099532XX,5740
66409,WK099533XX,9380
66469,WK099544XX,22970
66519,WK099550XX,760
66539,WK099565XX,270
66579,WK099577XX,560
66684,WK150700XX,550
66709,WK150701XX,2250
66749,WK150702XX,1530
66784,WK150703XX,1910
66814,WK150704XX,12070
66909,WK150705XX,1980
66939,WK150706XX,1110
66979,WK150707XX,2010
67009,WK150708XX,4780
67054,WK150709XX,780
67074,WK150900XX,13720
67119,WK150901XX,7030
67174,WK150902XX,10150
67209,WK150903XX,9010
67259,WK152500XX,15080
67274,WK152501XX,15270
67309,WK152502XX,4960
67334,WK158100XX,10050
67379,WK158101XX,18490
67434,WK158102XX,7580
67464,WK158103XX,6880
67489,WK158104XX,5980
67524,WK158600XX,9450
67574,WK158601XX,15990
67624,WK158602XX,4430
67674,WK159800XX,4940
67694,WK159801XX,1570
67704,WK159802XX,500
67714,WK159803XX,2910
67739,WK159804XX,4000
67759,WK159805XX,440
67769,WK159806XX,5420
67789,WK159807XX,1710
67809,WK162100XX,16370
67829,WK162101XX,11710
67894,WK162102XX,1430
67914,WK162103XX,8530
67979,WK162104XX,950
67999,WK162105XX,10430
68059,WK164000XX,6560
68089,WK164001XX,2760
68109,WK164002XX,2940
68134,WK164003XX,6270
68194,WK164004XX,3900
68204,WK164005XX,4310
68214,WK164006XX,660
68224,WK164007XX,950
68234,WK164008XX,4960
68269,WK164009XX,3430
68294,WK164100XX,7330
68314,WK164101XX,3720
68329,WK164102XX,1670
68344,WK164103XX,870
68359,WK164104XX,2560
68374,WK164105XX,4420
68394,WK164106XX,1780
68404,WK164107XX,2190
68419,WK165100XX,5720
68444,WK165101XX,5100
68499,WK165102XX,1780
68544,WK165103XX,1530
68564,WK165104XX,2400
68584,WK165200XX,14970
68629,WK165201XX,1900
68649,WK165202XX,1530
68669,WK165203XX,1020
68684,WK165204XX,5450
68704,WK165205XX,2100
68724,WK165206XX,1140
68744,WK165501XX,6580
68764,WK165502XX,1300
68779,WK165503XX,12840
68824,WK165504XX,6620
68854,WK165505XX,2160
68874,WK165800XX,9510
68894,WK165801XX,3800
68919,WK165802XX,490
68934,WK165803XX,1340
68959,WK165900XX,9810
68989,WK165901XX,5650
69019,WK165902XX,4420
69039,WK165903XX,1910
69059,WK166101XX,2440
69089,WK166102XX,530
69104,WK166103XX,2460
69129,WK166104XX,130
69139,WK166105XX,1460
69164,WK166300XX,3490
69214,WK166301XX,3350
69259,WK166302XX,2300
69294,WK166303XX,1550
69334,WK166600XX,3710
69374,WK166601XX,6600
69449,WK166700XX,8180
69479,WK166701XX,1670
69494,WK166702XX,1820
69509,WK166703XX,720
69529,WK166900XX,7830
69554,WK166901XX,2510
69574,WK166902XX,10800
69699,WK167100XX,4590
69724,WK167101XX,4300
69749,WK167102XX,2380
69769,WK167201XX,5730
69804,WK167202XX,5350
69829,WK167203XX,4260
69869,WK167204XX,3360
69969,WK167400XX,5650
69994,WK167401XX,5970
70014,WK167402XX,7420
70039,WK167403XX,7030
70069,WK167404XX,11050
70109,WK167405XX,4980
70134,WK167406XX,11430
70164,WK167407XX,13020
70204,WK167408XX,690
70234,WK167410XX,1440
70249,WK167411XX,4870
70269,WK167412XX,1890
70284,WK167413XX,650
70299,WK167414XX,1200
70319,WK167600XX,10460
70364,WK167601XX,1420
70379,WK167602XX,770
70394,WK167603XX,980
70409,WK167604XX,760
70429,WK167605XX,4000
70449,WK167606XX,2690
70464,WK167607XX,2780
70489,WK167608XX,660
70504,WK167609XX,1340
70519,WK167610XX,1060
70534,WK167611XX,340
70549,WK167612XX,4520
70594,WK167613XX,1580
70624,WK167614XX,330
70639,WK167615XX,300
70724,WK168000XX,3720
70739,WK168001XX,1460
70754,WK168002XX,390
70769,WK168003XX,430
70784,WK168004XX,250
70799,WK168005XX,620
70814,WK168006XX,480
70829,WK168007XX,170
70844,WK168008XX,100
70859,WK168009XX,120
70874,WK168011XX,420
70889,WK168012XX,280
70904,WK168013XX,150
70919,WK168014XX,1660
70939,WK168015XX,1900
70959,WK168016XX,740
70979,WK168017XX,5180
70994,WK168018XX,1250
71019,WK168019XX,4670
71054,WK168020XX,1140
71079,WK168021XX,460
71104,WK168100XX,4990
71134,WK168101XX,830
71149,WK168102XX,110
71164,WK168103XX,520
71179,WK168104XX,90
71189,WK168105XX,250
71204,WK168106XX,570
71219,WK168107XX,5020
71234,WK168108XX,440
71249,WK168109XX,680
71279,WK168110XX,1890
71294,WK168111XX,1730
71309,WK168112XX,1260
71324,WK168113XX,830
71339,WK168114XX,400
71354,WK168115XX,2920
71379,WK168116XX,3690
71409,WK168400XX,17010
71449,WK168401XX,1250
71464,WK168402XX,520
71479,WK168403XX,500
71499,WK168404XX,2920
71514,WK168405XX,1760
71529,WK168406XX,270
71549,WK168500XX,6910
71574,WK168501XX,1670
71589,WK168502XX,6020
71624,WK168509XX,200
71639,WK169000XX,5960
71654,WK169001XX,880
71669,WK169002XX,840
71684,WK169003XX,570
71699,WK169004XX,650
71714,WK169005XX,620
71729,WK169006XX,600
71744,WK169007XX,350
71759,WK169008XX,3620
71794,WK169009XX,100
71809,WK169010XX,300
71824,WK169011XX,3760
71864,WK169012XX,2380
71894,WK169013XX,2930
71914,WK169500XX,1860
71934,WK169501XX,1560
71949,WK169502XX,420
71964,WK169503XX,2040
71984,WK169504XX,1080
71999,WK169505XX,320
72019,WK169600XX,1180
72029,WK169601XX,6790
72054,WK169602XX,1590
72074,WK169603XX,8840
72119,WK169604XX,5040
72159,WK169900XX,17470
72214,WK169901XX,1470
72244,WK169903XX,6080
72299,WK169904XX,900
72334,WK169906XX,5330
72364,WK170000XX,12390
72414,WK170001XX,1060
72444,WK170002XX,4880
72474,WK170003XX,5840
72509,WK170004XX,9300
72559,WK170100XX,2810
72579,WK170101XX,670
72594,WK170102XX,410
72609,WK170103XX,2830
72639,WK170104XX,500
72659,WK170105XX,340
72674,WK170106XX,600
72694,WK170107XX,290
72709,WK170108XX,4390
72734,WK170109XX,1440
72749,WK170110XX,820
72774,WK170111XX,1960
72789,WK170112XX,240
72804,WK170113XX,500
72819,WK170114XX,350
72834,WK170115XX,910
72849,WK170116XX,100
72864,WK170117XX,180
72879,WK170200XX,4930
72904,WK170201XX,1840
72919,WK170202XX,550
72934,WK170203XX,660
72949,WK170204XX,3060
72964,WK170205XX,750
72984,WK170500XX,20150
73049,WK170501XX,7100
73089,WK170502XX,17370
73134,WK170600XX,8980
73164,WK170601XX,2160
73184,WK170602XX,1450
73204,WK170603XX,5270
73234,WK170604XX,1710
73249,WK170605XX,700
73269,WK170800XX,24690
73409,WK170802XX,3010
73434,WK170803XX,830
73459,WK170804XX,900
73479,WK170805XX,410
73499,WK170806XX,750
73529,WK170807XX,4130
73549,WK170808XX,1490
73569,WK170809XX,940
73594,WK170810XX,570
73604,WK170811XX,1240
73629,WK170812XX,410
73654,WK170813XX,1290
73674,WK170814XX,1190
73699,WK170815XX,150
73714,WK170816XX,1270
73739,WK170900XX,14210
73789,WK170901XX,1620
73804,WK170902XX,880
73819,WK170903XX,5790
73849,WK170904XX,1160
73869,WK170905XX,1060
73884,WK170906XX,2220
73904,WK170907XX,5430
73934,WK170908XX,960
73949,WK170909XX,2460
73974,WK170910XX,920
73994,WK171101XX,6130
74039,WK171102XX,850
74054,WK171103XX,1230
74074,WK171104XX,1560
74109,WK171105XX,8460
74164,WK171106XX,1390
74184,WK171107XX,4940
74209,WK171108XX,1060
74224,WK171109XX,3340
74244,WK171110XX,1520
74259,WK171111XX,1700
74284,WK171400XX,2340
74304,WK171401XX,400
74319,WK171402XX,2560
74334,WK171403XX,840
74349,WK171404XX,210
74364,WK171405XX,5020
74379,WK171406XX,590
74394,WK171407XX,790
74414,WK171408XX,450
74434,WK171409XX,1020
74449,WK171410XX,4840
74464,WK171411XX,910
74489,WK171412XX,2330
74504,WK171413XX,1420
74519,WK171414XX,510
74539,WK171900XX,11710
74559,WK171901XX,550
74579,WK171902XX,6300
74599,WK171903XX,2210
74614,WK171904XX,4160
74634,WK171905XX,1680
74664,WK172100XX,12460
74689,WK172101XX,5970
74704,WK172102XX,1800
74719,WK172103XX,1480
74739,WK172104XX,7950
74769,WK172200XX,4350
74809,WK172201XX,2750
74824,WK172202XX,1770
74879,WK172300XX,3990
74899,WK172301XX,3830
74919,WK172302XX,1140
74939,WK172308XX,440
74949,WK172309XX,60
74964,WK172400XX,10090
74994,WK172401XX,690
75009,WK172402XX,2940
75029,WK172403XX,2370
75049,WK172404XX,2010
75074,WK172800XX,9920
75099,WK172801XX,850
75114,WK172802XX,5170
75139,WK172803XX,2160
75159,WK172804XX,1010
75179,WK172900XX,4700
75209,WK172901XX,2640
75239,WK172902XX,1750
75264,WK172903XX,1920
75289,WK172904XX,1970
75314,WK172905XX,1120
75334,WK172906XX,620
75364,WK173000XX,7480
75384,WK173001XX,470
75399,WK173002XX,320
75414,WK173003XX,330
75429,WK173004XX,2270
75454,WK173005XX,430
75469,WK173006XX,3720
75484,WK173007XX,6780
75504,WK173008XX,830
75519,WK173009XX,4360
75534,WK173010XX,430
75549,WK173011XX,310
75574,WK173012XX,1120
75599,WK173013XX,1790
75614,WK173014XX,560
75649,WK173015XX,770
75669,WK173100XX,10840
75699,WK173101XX,1040
75719,WK173102XX,1430
75739,WK173103XX,1100
75754,WK173104XX,350
75769,WK173105XX,510
75784,WK173106XX,4600
75809,WK173107XX,3630
75834,WK173108XX,1730
75859,WK173109XX,4990
75879,WK173110XX,480
75899,WK173111XX,600
75914,WK173112XX,940
75929,WK173113XX,120
75939,WK173114XX,460
75954,WK173115XX,210
75969,WK173116XX,580
75999,WK173400XX,19760
76039,WK173401XX,9870
76089,WK173402XX,11560
76149,WK173403XX,2840
76169,WK173404XX,200
76189,WK173500XX,8620
76244,WK173501XX,3700
76269,WK173502XX,6410
76299,WK173503XX,230
76309,WK173504XX,960
76329,WK173505XX,2690
76354,WK173506XX,6830
76409,WK173507XX,210
76424,WK173508XX,3420
76459,WK173509XX,2100
76484,WK174000XX,11150
76519,WK174001XX,6780
76564,WK174002XX,4500
76594,WK174200XX,7100
76619,WK174201XX,19560
76654,WK174202XX,1250
76674,WK174203XX,6260
76724,WK174205XX,2120
76779,WK174206XX,380
76794,WK177100XX,28160
76844,WK177101XX,9820
76864,WK177300XX,7860
76909,WK177301XX,600
76919,WK177302XX,1190
76934,WK177303XX,6380
76959,WK177304XX,680
76974,WK177305XX,620
76999,WK177400XX,8790
77054,WK177401XX,1080
77074,WK177402XX,740
77089,WK177403XX,1010
77114,WK177404XX,1010
77129,WK177405XX,4450
77174,WK177406XX,3010
77199,WK177407XX,2380
77219,WK177408XX,1700
77234,WK177409XX,1950
77264,WK178301XX,17950
77379,WK178302XX,7450
77484,WK178303XX,4020
77544,WK178304XX,20070
77594,WK178305XX,20320
77624,WK178306XX,17550
77684,WK178307XX,11930
77729,WK184200XX,11100
77774,WK184201XX,6350
77814,WK185900XX,10480
77869,WK185901XX,13050
77924,WK185902XX,3000
77949,WK185903XX,10790
77984,WK185904XX,7830
78024,WK187600XX,8400
78074,WK187601XX,11230
78109,WK187602XX,8520
78154,WK187603XX,5110
78214,WK187604XX,4580
78279,WK188300XX,5800
78294,WK188301XX,12910
78324,WK188302XX,19520
78369,WK188303XX,5090
78384,WK188304XX,5370
78404,WK188305XX,32470
78444,WK188306XX,9270
78484,WK188307XX,5260
78509,WK189600XX,9380
78544,WK189601XX,700
78569,WK189602XX,6370
78609,WK189603XX,740
78634,WK189604XX,4740
78744,WK191601XX,6560
78774,WK191602XX,6680
78799,WK191603XX,4940
78819,WK191604XX,14000
78839,WK191605XX,7990
78864,WK191606XX,4080
78884,WK191607XX,5560
78914,WK191608XX,3990
78949,WK191609XX,4540
78989,WK191610XX,5320
79009,WK191611XX,6790
79034,WK191612XX,2420
79189,WK192601XX,20890
79274,WK192602XX,14440
79339,WK192603XX,8430
79479,WK195500XX,14130
79539,WK195501XX,4220
79579,WK195502XX,16640
79634,WK198700XX,3870
79669,WK198701XX,1960
79689,WK198702XX,1800
79709,WK198703XX,4870
